,Symbol,Price,Type,Strike,Exp Date,DTE,Bid,Midpoint,Ask,Last,Volume,Open Int,OI Chg,IV,Time
<<<<<<< HEAD
218,AAL,12.68,Put,12.5,2022-09-23,1.0,0.14,0.15,0.15,0.15,3156.0,3473.0,745.0,0.804,11:06 ET
221,AAL,12.68,Put,13.0,2022-09-23,1.0,0.43,0.44,0.44,0.44,1547.0,4907.0,738.0,0.7823,11:06 ET
695,AAL,12.68,Put,13.5,2022-09-23,1.0,0.87,0.89,0.91,0.86,1462.0,9339.0,-1278.0,0.9317,11:07 ET
712,AAPL,151.93,Call,150.0,2022-09-23,1.0,2.68,2.69,2.69,2.79,2117.0,7313.0,-808.0,0.5367999999999999,11:08 ET
733,AAPL,151.93,Call,152.5,2022-09-23,1.0,1.31,1.32,1.32,1.39,21504.0,7878.0,-427.0,0.5284,11:08 ET
687,AAPL,151.93,Call,155.0,2022-09-23,1.0,0.5,0.51,0.51,0.54,34741.0,27792.0,-2137.0,0.5165,11:08 ET
45,AAPL,151.93,Call,157.5,2022-09-23,1.0,0.15,0.16,0.16,0.17,14987.0,36342.0,2580.0,0.5135000000000001,11:08 ET
68,AAPL,151.93,Put,145.0,2022-09-23,1.0,0.13,0.14,0.14,0.12,6097.0,26767.0,1906.0,0.5803,11:07 ET
238,AAPL,151.93,Put,146.0,2022-09-23,1.0,0.2,0.21,0.21,0.19,2089.0,5176.0,684.0,0.5679,11:08 ET
770,AAPL,151.93,Put,147.0,2022-09-23,1.0,0.31,0.32,0.32,0.28,3312.0,6254.0,-222.0,0.5604,11:08 ET
730,AAPL,151.93,Put,148.0,2022-09-23,1.0,0.45,0.46,0.46,0.42,8668.0,10667.0,-458.0,0.5454,11:08 ET
399,AAPL,151.93,Put,149.0,2022-09-23,1.0,0.65,0.66,0.67,0.61,6359.0,16719.0,373.0,0.5351,11:08 ET
13,AAPL,151.93,Put,150.0,2022-09-23,1.0,0.95,0.96,0.96,0.88,41875.0,39525.0,5743.0,0.5316,11:08 ET
65,AAPL,151.93,Put,152.5,2022-09-23,1.0,2.01,2.03,2.04,2.0,24318.0,22974.0,1982.0,0.5044,11:08 ET
829,AAPL,151.93,Put,155.0,2022-09-23,1.0,3.75,3.78,3.8,3.6,7378.0,17555.0,-77.0,0.5099,11:08 ET
376,AAPL,151.93,Put,157.5,2022-09-23,1.0,5.85,5.88,5.9,6.0,1243.0,7556.0,408.0,0.452,11:05 ET
1149,ABBV,142.94,Call,142.0,2022-09-23,1.0,1.21,1.35,1.48,1.22,1196.0,629.0,50.0,0.2958,10:56 ET
1134,ABNB,107.34,Put,107.0,2022-09-23,1.0,1.65,1.84,2.02,1.91,971.0,156.0,46.0,0.7815000000000001,11:06 ET
355,ABNB,107.34,Put,108.0,2022-09-23,1.0,2.18,2.39,2.59,2.39,977.0,744.0,428.0,0.7334999999999999,10:59 ET
1110,ABNB,107.34,Put,110.0,2022-09-23,1.0,3.5,3.7,3.9,3.59,590.0,590.0,32.0,0.578,11:07 ET
202,ACN,262.25,Put,250.0,2022-09-23,1.0,0.1,0.15,0.2,0.2,891.0,1195.0,800.0,0.5876,11:05 ET
319,ACN,262.25,Put,265.0,2022-09-23,1.0,3.9,4.15,4.4,4.0,603.0,600.0,484.0,0.43920000000000003,11:01 ET
1188,AFRM,20.42,Call,21.5,2022-09-23,1.0,0.19,0.2,0.2,0.2,501.0,212.0,68.0,1.3891,11:08 ET
1230,AFRM,20.42,Put,20.0,2022-09-23,1.0,0.4,0.42,0.43,0.44,1492.0,6408.0,95.0,1.3714,11:07 ET
631,AFRM,20.42,Put,20.5,2022-09-23,1.0,0.64,0.66,0.67,0.63,753.0,608.0,128.0,1.3669,11:08 ET
440,AFRM,20.42,Put,22.0,2022-09-23,1.0,1.74,1.79,1.84,1.77,783.0,1691.0,315.0,1.4591999999999998,11:07 ET
1047,AMC,8.11,Call,7.5,2022-09-23,1.0,0.61,0.62,0.63,0.61,636.0,412.0,7.0,1.4863,10:58 ET
347,AMC,8.11,Call,8.0,2022-09-23,1.0,0.26,0.27,0.28,0.3,2614.0,2389.0,433.0,1.456,11:09 ET
208,AMC,8.11,Call,8.5,2022-09-23,1.0,0.11,0.11,0.12,0.11,2309.0,2501.0,777.0,1.6157,11:10 ET
518,AMC,8.11,Put,8.0,2022-09-23,1.0,0.2,0.21,0.21,0.19,5592.0,6758.0,229.0,1.369,11:10 ET
107,AMC,8.11,Put,8.5,2022-09-23,1.0,0.54,0.55,0.56,0.51,3872.0,7711.0,1498.0,1.5473,11:09 ET
1153,AMD,71.1,Call,70.0,2022-09-23,1.0,1.75,1.77,1.78,1.84,822.0,238.0,51.0,0.8299,11:09 ET
1071,AMD,71.1,Call,71.0,2022-09-23,1.0,1.2,1.21,1.21,1.19,3198.0,152.0,14.0,0.8242,11:10 ET
1186,AMD,71.1,Call,72.0,2022-09-23,1.0,0.75,0.76,0.76,0.75,6044.0,331.0,66.0,0.8016,11:10 ET
1182,AMD,71.1,Call,73.0,2022-09-23,1.0,0.44,0.45,0.46,0.45,11737.0,249.0,64.0,0.8005,11:10 ET
555,AMD,71.1,Call,74.0,2022-09-23,1.0,0.25,0.26,0.26,0.26,9063.0,705.0,197.0,0.8076000000000001,11:09 ET
621,AMD,71.1,Call,75.0,2022-09-23,1.0,0.14,0.15,0.15,0.14,6487.0,2149.0,136.0,0.8105,11:10 ET
1144,AMD,71.1,Put,67.0,2022-09-23,1.0,0.13,0.14,0.14,0.13,505.0,1019.0,49.0,0.8306999999999999,11:09 ET
895,AMD,71.1,Put,68.0,2022-09-23,1.0,0.24,0.25,0.25,0.24,1790.0,1206.0,-16.0,0.8077,11:10 ET
522,AMD,71.1,Put,69.0,2022-09-23,1.0,0.42,0.43,0.43,0.42,2134.0,8848.0,223.0,0.7831999999999999,11:10 ET
576,AMD,71.1,Put,70.0,2022-09-23,1.0,0.7,0.71,0.71,0.7,9794.0,7614.0,177.0,0.7593000000000001,11:10 ET
721,AMD,71.1,Put,71.0,2022-09-23,1.0,1.11,1.12,1.12,1.09,8000.0,4366.0,-606.0,0.741,11:09 ET
809,AMD,71.1,Put,72.0,2022-09-23,1.0,1.66,1.67,1.68,1.64,9901.0,3024.0,-109.0,0.7203,11:09 ET
332,AMD,71.1,Put,73.0,2022-09-23,1.0,2.33,2.35,2.37,2.35,10157.0,4846.0,460.0,0.6845,11:10 ET
220,AMD,71.1,Put,74.0,2022-09-23,1.0,3.1,3.15,3.2,3.1,5394.0,3126.0,739.0,0.5461,11:09 ET
698,AMD,71.1,Put,75.0,2022-09-23,1.0,4.05,4.1,4.15,4.05,2606.0,7553.0,-1043.0,0.5182,11:09 ET
193,AMD,71.1,Put,76.0,2022-09-23,1.0,4.9,5.03,5.15,5.1,530.0,5864.0,864.0,0.8006,11:06 ET
1132,AMZN,117.39,Call,114.0,2022-09-23,1.0,3.7,3.75,3.8,3.8,775.0,2127.0,43.0,0.7764,11:09 ET
796,AMZN,117.39,Call,115.0,2022-09-23,1.0,2.94,2.96,2.98,3.05,2618.0,3296.0,-138.0,0.7125,11:09 ET
1106,AMZN,117.39,Call,116.0,2022-09-23,1.0,2.25,2.27,2.29,2.34,1437.0,452.0,29.0,0.6890999999999999,11:09 ET
15,AMZN,117.39,Call,117.0,2022-09-23,1.0,1.67,1.68,1.69,1.74,5654.0,6276.0,4606.0,0.6716,11:09 ET
469,AMZN,117.39,Call,118.0,2022-09-23,1.0,1.17,1.18,1.19,1.2,9079.0,1251.0,282.0,0.6516,11:10 ET
187,AMZN,117.39,Call,119.0,2022-09-23,1.0,0.79,0.8,0.81,0.81,6426.0,1800.0,881.0,0.6451,11:10 ET
213,AMZN,117.39,Call,120.0,2022-09-23,1.0,0.53,0.54,0.55,0.53,11921.0,6402.0,753.0,0.6382,11:10 ET
405,AMZN,117.39,Call,121.0,2022-09-23,1.0,0.33,0.34,0.35,0.33,3632.0,3896.0,362.0,0.6318,11:10 ET
72,AMZN,117.39,Call,122.0,2022-09-23,1.0,0.2,0.21,0.22,0.21,2852.0,5068.0,1839.0,0.6388,11:09 ET
246,AMZN,117.39,Call,123.0,2022-09-23,1.0,0.13,0.14,0.14,0.14,3853.0,5271.0,645.0,0.657,11:09 ET
304,AMZN,117.39,Put,112.0,2022-09-23,1.0,0.17,0.18,0.18,0.18,752.0,1477.0,513.0,0.6536,11:08 ET
501,AMZN,117.39,Put,113.0,2022-09-23,1.0,0.27,0.28,0.28,0.27,997.0,3017.0,244.0,0.6274000000000001,11:08 ET
397,AMZN,117.39,Put,114.0,2022-09-23,1.0,0.42,0.43,0.43,0.39,3473.0,4145.0,374.0,0.6145,11:09 ET
354,AMZN,117.39,Put,115.0,2022-09-23,1.0,0.63,0.64,0.64,0.64,6858.0,6896.0,429.0,0.5975,11:10 ET
380,AMZN,117.39,Put,116.0,2022-09-23,1.0,0.95,0.96,0.97,0.94,5406.0,2190.0,402.0,0.5896,11:10 ET
472,AMZN,117.39,Put,117.0,2022-09-23,1.0,1.32,1.34,1.36,1.31,9202.0,3567.0,276.0,0.5639,11:10 ET
432,AMZN,117.39,Put,118.0,2022-09-23,1.0,1.82,1.84,1.85,1.86,4384.0,4045.0,323.0,0.5388000000000001,11:10 ET
180,AMZN,117.39,Put,119.0,2022-09-23,1.0,2.41,2.43,2.45,2.4,1231.0,3423.0,932.0,0.5022,11:09 ET
734,AMZN,117.39,Put,120.0,2022-09-23,1.0,3.05,3.1,3.15,3.15,2724.0,10320.0,-404.0,0.4595,11:10 ET
535,AMZN,117.39,Put,121.0,2022-09-23,1.0,3.85,3.9,3.95,4.0,1032.0,3802.0,212.0,0.33590000000000003,11:08 ET
835,AMZN,117.39,Put,122.0,2022-09-23,1.0,4.85,4.9,4.95,4.8,712.0,6437.0,-71.0,0.40399999999999997,11:10 ET
750,AMZN,117.39,Put,125.0,2022-09-23,1.0,7.55,7.6,7.65,7.65,904.0,6629.0,-315.0,0.0,11:09 ET
853,AMZN,117.39,Put,127.0,2022-09-23,1.0,9.55,9.6,9.65,9.7,591.0,2249.0,-49.0,0.0,11:08 ET
892,ATVI,76.24,Call,76.0,2022-09-23,1.0,0.32,0.43,0.54,0.46,511.0,188.0,-19.0,0.2195,11:11 ET
928,AXP,144.12,Put,140.0,2022-09-23,1.0,0.35,0.4,0.44,0.44,2006.0,136.0,-5.0,0.611,11:11 ET
897,BA,139.44,Call,140.0,2022-09-23,1.0,1.45,1.53,1.61,1.62,553.0,193.0,-15.0,0.6909000000000001,11:10 ET
1231,BA,139.44,Call,144.0,2022-09-23,1.0,0.32,0.36,0.39,0.31,614.0,549.0,96.0,0.6444,11:04 ET
1044,BA,139.44,Call,145.0,2022-09-23,1.0,0.21,0.24,0.26,0.21,1042.0,1004.0,6.0,0.625,11:10 ET
1227,BA,139.44,Call,146.0,2022-09-23,1.0,0.13,0.15,0.16,0.14,814.0,760.0,94.0,0.6328,11:08 ET
1133,BA,139.44,Call,147.0,2022-09-23,1.0,0.08,0.08,0.09,0.1,1054.0,984.0,45.0,0.6307,11:10 ET
160,BA,139.44,Put,133.0,2022-09-23,1.0,0.24,0.27,0.29,0.29,2175.0,1143.0,1041.0,0.7051000000000001,11:11 ET
862,BA,139.44,Put,138.0,2022-09-23,1.0,1.35,1.4,1.44,1.25,596.0,244.0,-41.0,0.633,11:09 ET
1018,BA,139.44,Put,139.0,2022-09-23,1.0,1.76,1.82,1.88,1.82,598.0,222.0,2.0,0.6182,11:08 ET
855,BA,139.44,Put,140.0,2022-09-23,1.0,2.3,2.35,2.4,2.52,1228.0,1639.0,-49.0,0.6093999999999999,11:11 ET
1234,BA,139.44,Put,142.0,2022-09-23,1.0,3.35,3.55,3.75,3.5,917.0,1225.0,99.0,0.5138,11:00 ET
524,BA,139.44,Put,144.0,2022-09-23,1.0,4.85,5.05,5.25,4.95,841.0,1192.0,222.0,0.5405,11:08 ET
807,BA,139.44,Put,145.0,2022-09-23,1.0,5.7,5.9,6.1,6.18,883.0,1592.0,-110.0,0.44920000000000004,11:11 ET
757,BA,139.44,Put,146.0,2022-09-23,1.0,6.6,6.85,7.1,7.17,1644.0,1180.0,-261.0,0.5077,11:06 ET
1131,BA,139.44,Put,148.0,2022-09-23,1.0,8.45,8.75,9.05,8.54,602.0,1043.0,43.0,0.0,10:57 ET
1169,BABA,81.7,Call,81.0,2022-09-23,1.0,1.38,1.45,1.52,1.55,785.0,187.0,60.0,0.7229000000000001,11:12 ET
297,BABA,81.7,Call,82.0,2022-09-23,1.0,0.98,0.99,1.0,0.98,3678.0,811.0,528.0,0.7306,11:12 ET
157,BABA,81.7,Call,83.0,2022-09-23,1.0,0.59,0.61,0.62,0.64,3669.0,1192.0,1060.0,0.7201000000000001,11:12 ET
102,BABA,81.7,Call,84.0,2022-09-23,1.0,0.36,0.37,0.38,0.36,6962.0,2030.0,1523.0,0.7219,11:12 ET
96,BABA,81.7,Call,85.0,2022-09-23,1.0,0.21,0.22,0.22,0.2,6359.0,2221.0,1599.0,0.7378,11:12 ET
296,BABA,81.7,Call,86.0,2022-09-23,1.0,0.12,0.13,0.13,0.1,2734.0,1379.0,531.0,0.7537999999999999,11:05 ET
318,BABA,81.7,Put,78.0,2022-09-23,1.0,0.13,0.14,0.14,0.12,2536.0,1182.0,486.0,0.652,11:10 ET
227,BABA,81.7,Put,79.0,2022-09-23,1.0,0.24,0.25,0.25,0.22,1716.0,990.0,719.0,0.6185,11:11 ET
691,BABA,81.7,Put,80.0,2022-09-23,1.0,0.45,0.46,0.48,0.43,11401.0,5527.0,-1441.0,0.6073,11:12 ET
653,BABA,81.7,Put,81.0,2022-09-23,1.0,0.79,0.81,0.83,0.8,2752.0,1304.0,114.0,0.5886,11:12 ET
301,BABA,81.7,Put,82.0,2022-09-23,1.0,1.29,1.32,1.35,1.27,5375.0,1501.0,520.0,0.5898,11:12 ET
324,BABA,81.7,Put,83.0,2022-09-23,1.0,1.92,1.94,1.97,1.92,4423.0,2545.0,478.0,0.54,11:09 ET
643,BABA,81.7,Put,84.0,2022-09-23,1.0,2.64,2.79,2.93,3.1,1011.0,941.0,121.0,0.59,11:00 ET
842,BABA,81.7,Put,85.0,2022-09-23,1.0,3.5,3.55,3.6,3.53,993.0,2375.0,-59.0,0.4411,11:09 ET
813,BABA,81.7,Put,86.0,2022-09-23,1.0,4.4,4.48,4.55,4.9,500.0,470.0,-104.0,0.0,10:58 ET
742,BABA,81.7,Put,88.0,2022-09-23,1.0,6.3,6.48,6.65,6.65,712.0,991.0,-372.0,0.8805,11:05 ET
1157,BAC,32.58,Call,32.5,2022-09-23,1.0,0.34,0.35,0.35,0.34,711.0,366.0,54.0,0.49369999999999997,11:11 ET
885,BAC,32.58,Call,33.0,2022-09-23,1.0,0.15,0.16,0.16,0.15,8486.0,1076.0,-22.0,0.4978,11:12 ET
261,BAC,32.58,Put,32.0,2022-09-23,1.0,0.13,0.14,0.14,0.17,3131.0,4965.0,609.0,0.48840000000000006,11:12 ET
609,BAC,32.58,Put,32.5,2022-09-23,1.0,0.3,0.31,0.31,0.35,5090.0,2471.0,147.0,0.45659999999999995,11:12 ET
234,BAC,32.58,Put,33.0,2022-09-23,1.0,0.58,0.6,0.61,0.59,9355.0,4833.0,694.0,0.408,11:10 ET
38,BAC,32.58,Put,33.5,2022-09-23,1.0,1.06,1.07,1.08,1.01,4490.0,9179.0,2709.0,0.5668,11:09 ET
797,BAC,32.58,Put,34.0,2022-09-23,1.0,1.42,1.49,1.56,1.55,1843.0,4944.0,-132.0,0.6836,11:03 ET
888,BB,5.3,Put,5.5,2022-09-23,1.0,0.22,0.23,0.23,0.24,696.0,818.0,-20.0,0.7706999999999999,11:09 ET
115,BBBY,7.06,Call,7.0,2022-09-23,1.0,0.25,0.26,0.26,0.24,3901.0,3052.0,1384.0,1.5605000000000002,11:11 ET
343,BBBY,7.06,Call,7.5,2022-09-23,1.0,0.11,0.11,0.12,0.11,4339.0,1840.0,439.0,1.838,11:07 ET
513,BBBY,7.06,Put,7.0,2022-09-23,1.0,0.19,0.2,0.2,0.2,5576.0,5610.0,233.0,1.5299,11:12 ET
242,BBBY,7.06,Put,7.5,2022-09-23,1.0,0.56,0.57,0.57,0.58,4475.0,5562.0,669.0,1.8825999999999998,11:11 ET
746,BBBY,7.06,Put,8.0,2022-09-23,1.0,0.99,1.01,1.03,1.02,2369.0,5933.0,-343.0,2.3232,11:07 ET
493,BBIG,0.906,Put,1.0,2022-09-23,1.0,0.09,0.11,0.13,0.1,1934.0,5254.0,254.0,1.6333000000000002,11:11 ET
1091,BIIB,199.78,Put,192.5,2022-09-23,1.0,1.1,1.23,1.35,1.05,693.0,627.0,22.0,0.9079,11:06 ET
1029,BX,84.4,Put,84.0,2022-09-23,1.0,1.21,1.27,1.33,1.36,1359.0,443.0,3.0,0.785,11:12 ET
1172,BYND,14.91,Call,15.0,2022-09-23,1.0,0.38,0.4,0.41,0.39,775.0,121.0,61.0,1.4040000000000001,11:11 ET
634,C,45.92,Put,47.0,2022-09-23,1.0,1.18,1.22,1.26,1.06,647.0,1983.0,127.0,0.3761,10:48 ET
35,CCL,9.47,Put,9.5,2022-09-23,1.0,0.21,0.22,0.22,0.2,760.0,6285.0,2828.0,0.8663,11:15 ET
74,CCL,9.47,Put,10.5,2022-09-23,1.0,1.03,1.05,1.07,1.04,934.0,5645.0,1788.0,0.0,10:55 ET
679,CHPT,15.48,Put,15.0,2022-09-23,1.0,0.16,0.17,0.18,0.2,2046.0,916.0,-14774.0,1.0585,11:16 ET
1130,COIN,64.74,Put,65.0,2022-09-23,1.0,1.86,1.92,1.97,1.96,865.0,6404.0,42.0,1.3468,11:16 ET
82,CRM,150.66,Call,150.0,2022-09-23,1.0,1.95,2.05,2.15,1.96,659.0,2140.0,1693.0,0.4747,11:13 ET
860,CRM,150.66,Call,152.5,2022-09-23,1.0,1.01,1.05,1.08,0.92,899.0,542.0,-48.0,0.5506,11:13 ET
27,CRM,150.66,Call,155.0,2022-09-23,1.0,0.47,0.52,0.56,0.4,2306.0,4785.0,3202.0,0.5992999999999999,11:17 ET
927,CVNA,28.19,Call,30.0,2022-09-23,1.0,0.3,0.35,0.4,0.32,985.0,144.0,-5.0,1.6288,11:15 ET
170,CWH,25.72,Put,27.0,2022-09-23,1.0,1.2,1.3,1.4,1.45,1004.0,1756.0,999.0,0.8785,11:06 ET
902,DASH,55.99,Put,55.0,2022-09-23,1.0,0.75,0.82,0.89,0.97,519.0,750.0,-13.0,1.0392000000000001,10:55 ET
129,DKNG,16.02,Put,16.0,2022-09-23,1.0,0.34,0.35,0.36,0.35,700.0,4287.0,1252.0,1.1891,11:00 ET
361,DWAC,16.79,Put,16.0,2022-09-23,1.0,0.48,0.56,0.64,0.51,738.0,466.0,421.0,2.8489999999999998,10:55 ET
541,ET,11.52,Put,11.5,2022-09-23,1.0,0.1,0.11,0.12,0.11,1004.0,13914.0,209.0,0.5733,11:01 ET
325,F,12.95,Call,13.0,2022-09-23,1.0,0.14,0.15,0.15,0.14,2195.0,3874.0,473.0,0.5772999999999999,11:03 ET
64,F,12.95,Put,13.0,2022-09-23,1.0,0.22,0.23,0.23,0.24,1554.0,10501.0,2043.0,0.7652,11:04 ET
80,FCX,28.59,Put,29.0,2022-09-23,1.0,0.72,0.76,0.8,0.68,1373.0,2998.0,1730.0,0.775,10:54 ET
100,FCX,28.59,Put,30.0,2022-09-23,1.0,1.46,1.53,1.59,1.38,1304.0,2380.0,1544.0,0.6079,10:54 ET
360,FDX,152.95,Call,160.0,2022-09-23,1.0,0.8,0.83,0.85,0.74,676.0,2044.0,422.0,1.0043,11:04 ET
617,FDX,152.95,Call,167.5,2022-09-23,1.0,0.16,0.18,0.19,0.16,632.0,2349.0,142.0,1.0462,11:03 ET
729,FDX,152.95,Call,170.0,2022-09-23,1.0,0.12,0.13,0.13,0.13,575.0,2181.0,-477.0,1.1334,11:06 ET
581,FDX,152.95,Put,140.0,2022-09-23,1.0,0.23,0.24,0.25,0.28,832.0,1419.0,174.0,1.0918999999999999,11:06 ET
878,FDX,152.95,Put,150.0,2022-09-23,1.0,1.8,1.89,1.98,2.07,1400.0,2068.0,-25.0,0.9548000000000001,11:06 ET
201,FUBO,4.07,Put,4.0,2022-09-23,1.0,0.11,0.11,0.12,0.1,825.0,3750.0,812.0,1.676,11:06 ET
1125,GME,25.81,Call,27.0,2022-09-23,1.0,0.2,0.22,0.23,0.23,523.0,898.0,41.0,1.2441,11:08 ET
573,GME,25.81,Call,27.5,2022-09-23,1.0,0.13,0.14,0.15,0.15,689.0,642.0,179.0,1.2768000000000002,11:07 ET
799,GME,25.81,Call,28.0,2022-09-23,1.0,0.09,0.1,0.1,0.1,666.0,1216.0,-131.0,1.3218,11:07 ET
558,GME,25.81,Put,26.0,2022-09-23,1.0,0.78,0.83,0.88,0.78,772.0,3684.0,193.0,1.1817,11:07 ET
970,GOLD,15.15,Call,14.5,2022-09-23,1.0,0.67,0.69,0.71,0.71,722.0,503.0,0.0,0.8222,10:56 ET
375,GOLD,15.15,Call,15.5,2022-09-23,1.0,0.07,0.08,0.08,0.1,930.0,4192.0,408.0,0.6273,10:49 ET
605,GOOG,100.58,Call,100.0,2022-09-23,1.0,1.4,1.42,1.45,1.45,1968.0,589.0,151.0,0.5467,11:08 ET
206,GOOG,100.58,Call,101.0,2022-09-23,1.0,0.9,0.93,0.95,0.93,3088.0,1615.0,790.0,0.5387,11:08 ET
384,GOOG,100.58,Call,102.0,2022-09-23,1.0,0.5,0.55,0.6,0.55,1233.0,1577.0,396.0,0.5317000000000001,11:08 ET
393,GOOG,100.58,Call,103.0,2022-09-23,1.0,0.3,0.32,0.35,0.35,1141.0,2711.0,376.0,0.5608,11:08 ET
257,GOOG,100.58,Put,98.0,2022-09-23,1.0,0.3,0.32,0.35,0.3,951.0,1422.0,617.0,0.5585,11:07 ET
460,GOOG,100.58,Put,99.0,2022-09-23,1.0,0.55,0.58,0.6,0.55,1156.0,16019.0,291.0,0.5616,11:09 ET
252,GOOG,100.58,Put,100.0,2022-09-23,1.0,0.85,0.9,0.95,0.85,4951.0,3733.0,634.0,0.5301,11:09 ET
1195,GOOG,100.58,Put,101.0,2022-09-23,1.0,1.35,1.38,1.4,1.32,591.0,889.0,73.0,0.544,11:08 ET
368,GOOGL,100.05,Call,99.0,2022-09-23,1.0,1.74,1.76,1.77,1.75,1018.0,687.0,416.0,0.5544,11:06 ET
249,GOOGL,100.05,Call,100.0,2022-09-23,1.0,1.15,1.16,1.17,1.17,7534.0,1829.0,637.0,0.5490999999999999,11:09 ET
204,GOOGL,100.05,Call,101.0,2022-09-23,1.0,0.7,0.71,0.71,0.72,3233.0,2507.0,797.0,0.5325,11:09 ET
122,GOOGL,100.05,Call,102.0,2022-09-23,1.0,0.42,0.43,0.43,0.45,7467.0,3909.0,1305.0,0.5436,11:08 ET
127,GOOGL,100.05,Call,103.0,2022-09-23,1.0,0.22,0.23,0.24,0.24,1529.0,6039.0,1279.0,0.5511,11:07 ET
682,GOOGL,100.05,Call,104.0,2022-09-23,1.0,0.13,0.14,0.14,0.13,1134.0,9872.0,-4361.0,0.5602,11:05 ET
509,GOOGL,100.05,Put,96.0,2022-09-23,1.0,0.15,0.16,0.16,0.15,564.0,1537.0,234.0,0.616,11:08 ET
1183,GOOGL,100.05,Put,97.0,2022-09-23,1.0,0.24,0.25,0.25,0.25,580.0,1462.0,65.0,0.5877,11:08 ET
389,GOOGL,100.05,Put,98.0,2022-09-23,1.0,0.41,0.42,0.42,0.43,1741.0,3093.0,385.0,0.5623,11:05 ET
488,GOOGL,100.05,Put,99.0,2022-09-23,1.0,0.68,0.69,0.69,0.69,4336.0,1876.0,260.0,0.5473,11:09 ET
735,GOOGL,100.05,Put,100.0,2022-09-23,1.0,1.09,1.1,1.11,1.1,7402.0,7189.0,-399.0,0.5376,11:09 ET
451,GOOGL,100.05,Put,101.0,2022-09-23,1.0,1.66,1.67,1.69,1.7,1811.0,4591.0,299.0,0.5406,11:06 ET
738,HOOD,9.95,Call,10.0,2022-09-23,1.0,0.22,0.23,0.24,0.22,1875.0,1881.0,-393.0,1.2841999999999998,11:10 ET
526,HOOD,9.95,Put,10.0,2022-09-23,1.0,0.27,0.28,0.28,0.26,2307.0,3989.0,220.0,1.0675,11:10 ET
890,HOOD,9.95,Put,10.5,2022-09-23,1.0,0.62,0.64,0.65,0.66,2418.0,1300.0,-20.0,1.005,11:05 ET
313,INTC,28.14,Call,28.5,2022-09-23,1.0,0.18,0.19,0.19,0.16,3480.0,2335.0,491.0,0.5765,11:04 ET
651,INTC,28.14,Put,28.5,2022-09-23,1.0,0.51,0.52,0.53,0.57,659.0,4714.0,114.0,0.49700000000000005,11:03 ET
810,LAZR,7.77,Put,8.0,2022-09-23,1.0,0.4,0.49,0.57,0.34,20458.0,347.0,-109.0,2.2333000000000003,11:08 ET
383,LCID,14.67,Put,14.5,2022-09-23,1.0,0.22,0.23,0.23,0.26,1313.0,1889.0,399.0,0.9740000000000001,11:16 ET
640,LCID,14.67,Put,15.0,2022-09-23,1.0,0.49,0.5,0.51,0.55,678.0,2940.0,122.0,0.9584999999999999,11:15 ET
726,LI,24.95,Call,25.0,2022-09-23,1.0,0.49,0.5,0.51,0.43,6434.0,3062.0,-500.0,1.0377,11:15 ET
762,LI,24.95,Call,25.5,2022-09-23,1.0,0.3,0.31,0.31,0.28,1024.0,854.0,-251.0,1.0413,11:16 ET
785,LI,24.95,Put,25.0,2022-09-23,1.0,0.57,0.59,0.61,0.59,1546.0,1385.0,-180.0,1.0502,11:14 ET
1236,LUMN,8.2,Put,8.5,2022-09-23,1.0,0.3,0.32,0.35,0.32,999.0,2204.0,99.0,0.7515999999999999,10:59 ET
1151,LYFT,15.07,Put,15.5,2022-09-23,1.0,0.62,0.66,0.69,0.63,538.0,775.0,51.0,1.1351,11:13 ET
817,MARA,10.37,Call,11.0,2022-09-23,1.0,0.11,0.11,0.12,0.12,1352.0,2987.0,-97.0,1.6466999999999998,11:17 ET
1082,MARA,10.37,Put,9.5,2022-09-23,1.0,0.1,0.11,0.11,0.1,622.0,2413.0,19.0,1.8063,11:16 ET
91,MARA,10.37,Put,10.0,2022-09-23,1.0,0.23,0.24,0.25,0.23,899.0,4260.0,1636.0,1.7184,11:17 ET
271,MARA,10.37,Put,10.5,2022-09-23,1.0,0.49,0.5,0.5,0.5,1028.0,2299.0,584.0,1.8318,11:16 ET
919,MCD,248.51,Put,247.5,2022-09-23,1.0,1.24,1.35,1.45,1.3,879.0,228.0,-9.0,0.3239,10:52 ET
926,MCD,248.51,Put,252.5,2022-09-23,1.0,4.4,4.53,4.65,4.33,879.0,1628.0,-5.0,0.3169,10:16 ET
650,MDT,83.91,Put,83.0,2022-09-23,1.0,0.38,0.43,0.47,0.58,754.0,1573.0,115.0,0.44060000000000005,10:11 ET
400,META,142.31,Call,142.0,2022-09-23,1.0,2.02,2.04,2.06,2.04,2891.0,587.0,370.0,0.6587999999999999,11:17 ET
395,META,142.31,Call,143.0,2022-09-23,1.0,1.5,1.52,1.53,1.48,2675.0,600.0,375.0,0.6388,11:15 ET
438,META,142.31,Call,144.0,2022-09-23,1.0,1.13,1.14,1.15,1.13,1278.0,792.0,316.0,0.6384000000000001,11:18 ET
121,META,142.31,Call,145.0,2022-09-23,1.0,0.83,0.84,0.85,0.87,2074.0,2168.0,1313.0,0.6454000000000001,11:17 ET
458,META,142.31,Call,146.0,2022-09-23,1.0,0.59,0.6,0.6,0.64,1045.0,1751.0,293.0,0.6439,11:17 ET
256,META,142.31,Call,147.0,2022-09-23,1.0,0.43,0.44,0.44,0.42,543.0,2697.0,618.0,0.6559999999999999,11:18 ET
39,META,142.31,Call,150.0,2022-09-23,1.0,0.14,0.15,0.15,0.15,3471.0,14605.0,2689.0,0.6799,11:17 ET
260,META,142.31,Put,137.0,2022-09-23,1.0,0.45,0.46,0.46,0.46,1350.0,1342.0,610.0,0.7240000000000001,11:15 ET
142,META,142.31,Put,138.0,2022-09-23,1.0,0.64,0.65,0.65,0.63,518.0,1673.0,1167.0,0.7195,11:16 ET
117,META,142.31,Put,140.0,2022-09-23,1.0,1.17,1.18,1.19,1.2,3088.0,17652.0,1367.0,0.7087,11:18 ET
603,META,142.31,Put,141.0,2022-09-23,1.0,1.56,1.58,1.59,1.52,1281.0,901.0,152.0,0.713,11:17 ET
323,META,142.31,Put,142.0,2022-09-23,1.0,2.01,2.03,2.05,1.98,1653.0,1150.0,478.0,0.7123,11:18 ET
512,META,142.31,Put,143.0,2022-09-23,1.0,2.58,2.59,2.61,2.57,922.0,2729.0,233.0,0.7234,11:16 ET
891,MRK,86.97,Call,87.0,2022-09-23,1.0,0.61,0.65,0.68,0.62,4485.0,700.0,-20.0,0.3898,11:11 ET
939,MRK,86.97,Call,87.5,2022-09-23,1.0,0.39,0.42,0.44,0.4,631.0,1749.0,-3.0,0.37799999999999995,11:10 ET
637,MSFT,239.75,Call,237.5,2022-09-23,1.0,3.5,3.55,3.6,3.45,502.0,704.0,124.0,0.4471,11:15 ET
671,MSFT,239.75,Call,240.0,2022-09-23,1.0,2.09,2.11,2.13,2.21,5259.0,1574.0,104.0,0.44299999999999995,11:19 ET
326,MSFT,239.75,Call,242.5,2022-09-23,1.0,1.15,1.16,1.17,1.18,2465.0,2341.0,472.0,0.45,11:19 ET
70,MSFT,239.75,Call,245.0,2022-09-23,1.0,0.56,0.57,0.58,0.61,2784.0,6478.0,1863.0,0.4536,11:17 ET
715,MSFT,239.75,Call,247.5,2022-09-23,1.0,0.27,0.28,0.28,0.28,501.0,2965.0,-769.0,0.47009999999999996,11:19 ET
756,MSFT,239.75,Call,250.0,2022-09-23,1.0,0.14,0.15,0.15,0.14,996.0,9444.0,-273.0,0.4924,11:19 ET
645,MSFT,239.75,Put,230.0,2022-09-23,1.0,0.28,0.29,0.29,0.27,566.0,8528.0,119.0,0.5835,11:19 ET
471,MSFT,239.75,Put,235.0,2022-09-23,1.0,0.97,0.98,0.99,0.96,1690.0,3318.0,276.0,0.5506,11:20 ET
156,MSFT,239.75,Put,237.5,2022-09-23,1.0,1.67,1.68,1.69,1.66,1784.0,2712.0,1078.0,0.535,11:19 ET
789,MSFT,239.75,Put,240.0,2022-09-23,1.0,2.77,2.79,2.81,2.74,2924.0,5514.0,-165.0,0.5346,11:19 ET
428,MU,49.76,Call,51.0,2022-09-23,1.0,0.22,0.23,0.23,0.21,572.0,982.0,328.0,0.6338,10:59 ET
339,MU,49.76,Put,50.0,2022-09-23,1.0,0.99,1.01,1.03,1.01,1531.0,2372.0,444.0,0.8556999999999999,11:00 ET
178,MU,49.76,Put,52.0,2022-09-23,1.0,2.51,2.55,2.59,2.52,724.0,7805.0,936.0,0.9892,11:00 ET
396,NCLH,14.2,Put,14.5,2022-09-23,1.0,0.48,0.49,0.5,0.48,1370.0,3034.0,374.0,1.3132,11:00 ET
62,NCLH,14.2,Put,15.0,2022-09-23,1.0,0.81,0.83,0.84,0.8,1201.0,5162.0,2114.0,1.3544,10:59 ET
497,NFLX,237.09,Call,235.0,2022-09-23,1.0,3.85,3.93,4.0,4.15,1186.0,1068.0,248.0,0.6706,11:00 ET
850,NFLX,237.09,Call,237.5,2022-09-23,1.0,2.68,2.75,2.82,2.84,1602.0,1087.0,-53.0,0.6808,11:01 ET
749,NFLX,237.09,Call,240.0,2022-09-23,1.0,1.84,1.87,1.9,1.96,1915.0,3711.0,-319.0,0.6934,11:00 ET
781,NFLX,237.09,Call,245.0,2022-09-23,1.0,0.78,0.8,0.82,0.77,1588.0,3312.0,-192.0,0.7212999999999999,10:59 ET
744,NFLX,237.09,Call,250.0,2022-09-23,1.0,0.32,0.34,0.36,0.33,1328.0,4488.0,-354.0,0.7585999999999999,11:00 ET
294,NFLX,237.09,Call,255.0,2022-09-23,1.0,0.15,0.16,0.17,0.16,1493.0,4581.0,537.0,0.8239,11:00 ET
329,NFLX,237.09,Put,220.0,2022-09-23,1.0,0.25,0.26,0.26,0.24,503.0,3373.0,468.0,0.8623000000000001,11:01 ET
179,NFLX,237.09,Put,225.0,2022-09-23,1.0,0.62,0.64,0.65,0.61,563.0,2639.0,932.0,0.8183,11:01 ET
1204,NFLX,237.09,Put,227.5,2022-09-23,1.0,0.98,1.01,1.03,0.95,542.0,1487.0,79.0,0.8064,11:01 ET
723,NFLX,237.09,Put,230.0,2022-09-23,1.0,1.52,1.56,1.6,1.49,1677.0,2844.0,-557.0,0.8006,11:01 ET
161,NFLX,237.09,Put,232.5,2022-09-23,1.0,2.28,2.32,2.36,2.32,645.0,2359.0,1038.0,0.7945,11:01 ET
236,NFLX,237.09,Put,235.0,2022-09-23,1.0,3.25,3.33,3.4,3.2,2432.0,2658.0,691.0,0.7905,11:01 ET
364,NIO,18.39,Call,18.0,2022-09-23,1.0,0.58,0.59,0.59,0.59,646.0,1282.0,416.0,0.3832,11:00 ET
40,NIO,18.39,Call,18.5,2022-09-23,1.0,0.3,0.31,0.31,0.34,1081.0,3884.0,2664.0,0.6779000000000001,11:01 ET
53,NIO,18.39,Call,19.0,2022-09-23,1.0,0.15,0.16,0.16,0.17,5269.0,5109.0,2282.0,0.8208,11:01 ET
169,NIO,18.39,Put,17.5,2022-09-23,1.0,0.1,0.11,0.11,0.1,777.0,3463.0,1012.0,1.1881,10:59 ET
463,NIO,18.39,Put,18.0,2022-09-23,1.0,0.21,0.22,0.22,0.19,5816.0,3816.0,290.0,1.1699,11:01 ET
398,NIO,18.39,Put,18.5,2022-09-23,1.0,0.44,0.45,0.45,0.4,3426.0,3270.0,373.0,1.2517,11:00 ET
676,NIO,18.39,Put,19.0,2022-09-23,1.0,0.77,0.79,0.8,0.74,1525.0,4685.0,101.0,1.4031,11:00 ET
681,NIO,18.39,Put,19.5,2022-09-23,1.0,1.2,1.21,1.22,1.14,1233.0,4781.0,-5334.0,1.6352000000000002,11:01 ET
713,NIO,18.39,Put,20.0,2022-09-23,1.0,1.65,1.68,1.71,1.65,645.0,7683.0,-803.0,1.8187,10:58 ET
815,NKE,98.67,Put,100.0,2022-09-23,1.0,2.07,2.11,2.15,2.14,539.0,1196.0,-101.0,0.7809,11:00 ET
349,NKLA,4.11,Call,4.0,2022-09-23,1.0,0.16,0.17,0.18,0.16,530.0,601.0,430.0,0.0,11:00 ET
867,NVDA,125.77,Call,125.0,2022-09-23,1.0,2.65,2.68,2.7,2.5,543.0,829.0,-37.0,0.6049,11:02 ET
876,NVDA,125.77,Call,127.0,2022-09-23,1.0,1.61,1.63,1.64,1.65,2163.0,881.0,-27.0,0.6434000000000001,11:02 ET
1112,NVDA,125.77,Call,128.0,2022-09-23,1.0,1.21,1.23,1.24,1.19,6622.0,856.0,32.0,0.6559,11:02 ET
865,NVDA,125.77,Call,129.0,2022-09-23,1.0,0.9,0.91,0.92,0.89,4101.0,733.0,-40.0,0.6690999999999999,11:02 ET
547,NVDA,125.77,Call,130.0,2022-09-23,1.0,0.65,0.66,0.67,0.65,12049.0,3883.0,205.0,0.6743000000000001,11:02 ET
846,NVDA,125.77,Call,131.0,2022-09-23,1.0,0.47,0.48,0.48,0.49,3814.0,1734.0,-55.0,0.6912999999999999,11:02 ET
773,NVDA,125.77,Call,132.0,2022-09-23,1.0,0.34,0.35,0.35,0.35,4812.0,2591.0,-218.0,0.7116,11:02 ET
858,NVDA,125.77,Call,133.0,2022-09-23,1.0,0.24,0.25,0.25,0.25,1871.0,3688.0,-49.0,0.7256,11:02 ET
162,NVDA,125.77,Call,134.0,2022-09-23,1.0,0.18,0.19,0.19,0.2,3943.0,4862.0,1037.0,0.7471,11:02 ET
181,NVDA,125.77,Call,135.0,2022-09-23,1.0,0.13,0.14,0.14,0.13,9338.0,8797.0,926.0,0.7594,11:02 ET
147,NVDA,125.77,Call,136.0,2022-09-23,1.0,0.1,0.11,0.11,0.11,1107.0,3566.0,1133.0,0.8009000000000001,11:01 ET
1126,NVDA,125.77,Put,118.0,2022-09-23,1.0,0.21,0.22,0.22,0.22,626.0,696.0,41.0,0.9734999999999999,11:02 ET
904,NVDA,125.77,Put,119.0,2022-09-23,1.0,0.3,0.31,0.31,0.32,1294.0,957.0,-13.0,0.9643999999999999,11:02 ET
69,NVDA,125.77,Put,120.0,2022-09-23,1.0,0.43,0.44,0.45,0.45,5025.0,12829.0,1880.0,0.9790000000000001,11:02 ET
337,NVDA,125.77,Put,121.0,2022-09-23,1.0,0.6,0.61,0.61,0.62,1521.0,1231.0,445.0,0.9731000000000001,11:02 ET
530,NVDA,125.77,Put,122.0,2022-09-23,1.0,0.83,0.84,0.84,0.84,1060.0,1516.0,217.0,0.9876,11:02 ET
769,NVDA,125.77,Put,123.0,2022-09-23,1.0,1.11,1.12,1.13,1.17,1635.0,1070.0,-224.0,0.9972,11:02 ET
572,NVDA,125.77,Put,124.0,2022-09-23,1.0,1.45,1.46,1.47,1.42,2178.0,2600.0,180.0,1.0081,11:02 ET
464,NVDA,125.77,Put,125.0,2022-09-23,1.0,1.86,1.87,1.88,1.95,13610.0,7883.0,290.0,1.023,11:02 ET
627,NVDA,125.77,Put,126.0,2022-09-23,1.0,2.32,2.34,2.35,2.41,4487.0,1901.0,133.0,1.0356,11:02 ET
371,NVDA,125.77,Put,127.0,2022-09-23,1.0,2.87,2.89,2.9,2.97,9286.0,2080.0,410.0,1.0578,11:02 ET
278,NVDA,125.77,Put,128.0,2022-09-23,1.0,3.45,3.5,3.55,3.55,6428.0,2341.0,563.0,1.1022,11:02 ET
163,NVDA,125.77,Put,129.0,2022-09-23,1.0,4.15,4.18,4.2,4.06,3493.0,3189.0,1031.0,1.1118000000000001,11:02 ET
780,NVDA,125.77,Put,130.0,2022-09-23,1.0,4.85,4.88,4.9,5.08,7315.0,7751.0,-195.0,1.1320000000000001,11:02 ET
77,NVDA,125.77,Put,131.0,2022-09-23,1.0,5.45,5.6,5.75,5.66,1207.0,4069.0,1774.0,1.1706999999999999,11:01 ET
763,NVDA,125.77,Put,132.0,2022-09-23,1.0,6.3,6.48,6.65,6.24,1249.0,3129.0,-250.0,1.2083,10:57 ET
132,NVDA,125.77,Put,133.0,2022-09-23,1.0,7.15,7.35,7.55,7.4,1294.0,3432.0,1228.0,1.2853,11:00 ET
247,NVDA,125.77,Put,134.0,2022-09-23,1.0,8.2,8.33,8.45,8.4,690.0,2487.0,643.0,1.3921000000000001,11:00 ET
571,OXY,62.47,Call,64.0,2022-09-23,1.0,0.27,0.28,0.29,0.28,738.0,2092.0,181.0,0.5186,11:02 ET
286,OXY,62.47,Call,65.0,2022-09-23,1.0,0.13,0.14,0.14,0.12,1157.0,2877.0,549.0,0.5706,11:03 ET
848,OXY,62.47,Put,60.0,2022-09-23,1.0,0.17,0.18,0.19,0.15,1084.0,3201.0,-54.0,0.8237000000000001,10:50 ET
437,PFE,44.52,Call,44.5,2022-09-23,1.0,0.34,0.37,0.4,0.39,664.0,598.0,319.0,0.3814,10:58 ET
134,PFE,44.52,Call,45.0,2022-09-23,1.0,0.15,0.16,0.17,0.21,971.0,2573.0,1223.0,0.35509999999999997,11:05 ET
540,PG,136.28,Call,137.0,2022-09-23,1.0,0.59,0.62,0.64,0.55,1987.0,465.0,210.0,0.2993,11:04 ET
1086,PINS,23.69,Call,24.0,2022-09-23,1.0,0.5,0.54,0.58,0.41,1451.0,1205.0,20.0,0.9436,10:58 ET
1189,PINS,23.69,Call,25.0,2022-09-23,1.0,0.21,0.23,0.25,0.26,2555.0,3135.0,69.0,1.0961,11:05 ET
624,PLTR,7.59,Call,7.5,2022-09-23,1.0,0.19,0.2,0.21,0.19,680.0,3387.0,133.0,0.9673,11:06 ET
739,PLTR,7.59,Put,7.5,2022-09-23,1.0,0.11,0.11,0.12,0.12,567.0,12031.0,-385.0,0.9703,11:02 ET
1059,QCOM,122.6,Put,118.0,2022-09-23,1.0,0.4,0.42,0.44,0.41,1890.0,234.0,10.0,0.7724,11:04 ET
873,RBLX,35.34,Put,35.0,2022-09-23,1.0,0.65,0.67,0.69,0.65,656.0,846.0,-30.0,1.085,11:08 ET
820,RIG,2.58,Put,3.0,2022-09-23,1.0,0.41,0.43,0.45,0.4,1467.0,10809.0,-94.0,2.1479,10:54 ET
466,RIOT,6.18,Put,6.0,2022-09-23,1.0,0.12,0.13,0.13,0.12,794.0,5264.0,286.0,1.4350999999999998,11:07 ET
852,RIVN,34.07,Put,33.0,2022-09-23,1.0,0.32,0.33,0.33,0.33,3279.0,2387.0,-50.0,1.0434999999999999,11:08 ET
886,SAVA,41.15,Call,40.0,2022-09-23,1.0,2.45,2.69,2.92,2.57,896.0,2734.0,-21.0,2.3281,11:07 ET
283,SAVA,41.15,Call,41.0,2022-09-23,1.0,2.09,2.17,2.24,2.34,692.0,787.0,555.0,2.4673,11:09 ET
203,SAVA,41.15,Call,45.0,2022-09-23,1.0,1.1,1.16,1.22,1.1,1160.0,1817.0,799.0,2.8933,11:10 ET
225,SAVA,41.15,Call,50.0,2022-09-23,1.0,0.51,0.55,0.59,0.59,683.0,1833.0,724.0,3.4748,11:10 ET
1036,SBUX,84.82,Call,86.0,2022-09-23,1.0,0.43,0.44,0.45,0.48,571.0,196.0,5.0,0.4779,11:09 ET
1175,SFIX,4.11,Put,4.5,2022-09-23,1.0,0.32,0.33,0.34,0.33,579.0,5653.0,62.0,1.4768999999999999,11:10 ET
582,SHOP,29.14,Call,30.0,2022-09-23,1.0,0.36,0.37,0.37,0.37,1167.0,632.0,170.0,1.1048,11:09 ET
229,SHOP,29.14,Call,31.0,2022-09-23,1.0,0.15,0.16,0.16,0.16,992.0,1957.0,712.0,1.1506,11:08 ET
443,SHOP,29.14,Put,30.0,2022-09-23,1.0,1.05,1.07,1.08,1.02,593.0,3384.0,310.0,0.9906999999999999,11:09 ET
270,SNAP,10.48,Put,10.5,2022-09-23,1.0,0.19,0.2,0.2,0.19,681.0,7430.0,587.0,0.9335,11:08 ET
219,SOFI,5.53,Call,5.5,2022-09-23,1.0,0.13,0.14,0.14,0.13,2615.0,1951.0,742.0,1.0392000000000001,11:08 ET
58,SOFI,5.53,Put,5.5,2022-09-23,1.0,0.1,0.11,0.11,0.11,818.0,12388.0,2162.0,1.0422,11:12 ET
1046,SPWR,25.06,Put,24.0,2022-09-23,1.0,0.2,0.21,0.21,0.21,2781.0,197.0,6.0,1.1647,11:13 ET
470,SQ,55.93,Call,60.0,2022-09-23,1.0,0.14,0.15,0.15,0.16,2637.0,663.0,278.0,0.9814,11:08 ET
426,SQ,55.93,Put,56.0,2022-09-23,1.0,1.04,1.07,1.09,1.11,873.0,629.0,331.0,0.9976,11:12 ET
1048,TGT,153.35,Put,147.0,2022-09-23,1.0,0.17,0.18,0.18,0.18,2565.0,176.0,7.0,0.6086,11:14 ET
804,TSLA,288.67,Call,280.0,2022-09-23,1.0,9.9,10.0,10.1,9.71,864.0,1265.0,-116.0,0.8007,11:15 ET
786,TSLA,288.67,Call,285.0,2022-09-23,1.0,5.9,5.98,6.05,5.9,1241.0,1855.0,-177.0,0.6759000000000001,11:16 ET
819,TSLA,288.67,Call,288.33,2022-09-23,1.0,4.15,4.2,4.25,3.95,1161.0,1344.0,-94.0,0.7012,11:16 ET
753,TSLA,288.67,Call,290.0,2022-09-23,1.0,3.2,3.23,3.25,3.15,7778.0,5785.0,-286.0,0.6664,11:16 ET
614,TSLA,288.67,Call,291.67,2022-09-23,1.0,2.48,2.51,2.53,2.47,1662.0,1445.0,145.0,0.6555,11:16 ET
816,TSLA,288.67,Call,292.5,2022-09-23,1.0,2.25,2.28,2.31,2.26,2368.0,815.0,-99.0,0.6629999999999999,11:16 ET
861,TSLA,288.67,Call,293.33,2022-09-23,1.0,1.95,1.98,2.0,1.97,3985.0,2374.0,-42.0,0.6579999999999999,11:16 ET
331,TSLA,288.67,Call,295.0,2022-09-23,1.0,1.5,1.52,1.54,1.52,16178.0,3219.0,463.0,0.6593000000000001,11:16 ET
1166,TSLA,288.67,Call,296.67,2022-09-23,1.0,1.18,1.19,1.21,1.18,9441.0,1516.0,57.0,0.6664,11:16 ET
801,TSLA,288.67,Call,298.33,2022-09-23,1.0,0.89,0.91,0.93,0.93,7037.0,1721.0,-129.0,0.6789000000000001,11:16 ET
684,TSLA,288.67,Call,300.0,2022-09-23,1.0,0.7,0.71,0.71,0.71,33787.0,10928.0,-2580.0,0.6855,11:16 ET
529,TSLA,288.67,Call,301.67,2022-09-23,1.0,0.54,0.55,0.56,0.55,5465.0,2582.0,218.0,0.6965,11:16 ET
200,TSLA,288.67,Call,303.33,2022-09-23,1.0,0.42,0.43,0.44,0.43,5057.0,3945.0,816.0,0.7093,11:16 ET
487,TSLA,288.67,Call,305.0,2022-09-23,1.0,0.33,0.34,0.34,0.35,18019.0,10786.0,261.0,0.7219,11:16 ET
264,TSLA,288.67,Call,306.67,2022-09-23,1.0,0.26,0.27,0.28,0.28,2605.0,6362.0,605.0,0.7454999999999999,11:15 ET
379,TSLA,288.67,Call,308.33,2022-09-23,1.0,0.22,0.23,0.24,0.22,1481.0,6767.0,404.0,0.7583,11:16 ET
693,TSLA,288.67,Call,310.0,2022-09-23,1.0,0.17,0.18,0.18,0.18,15014.0,23626.0,-1427.0,0.7768999999999999,11:16 ET
413,TSLA,288.67,Call,311.67,2022-09-23,1.0,0.14,0.15,0.15,0.16,2280.0,6019.0,351.0,0.7926000000000001,11:14 ET
224,TSLA,288.67,Call,313.33,2022-09-23,1.0,0.11,0.11,0.12,0.13,2563.0,6360.0,728.0,0.8056,11:15 ET
25,TSLA,288.67,Call,315.0,2022-09-23,1.0,0.09,0.1,0.1,0.1,8885.0,18547.0,3295.0,0.83,11:15 ET
795,TSLA,288.67,Put,263.33,2022-09-23,1.0,0.11,0.11,0.12,0.12,579.0,2358.0,-140.0,0.8822,11:14 ET
755,TSLA,288.67,Put,265.0,2022-09-23,1.0,0.15,0.16,0.16,0.16,1232.0,3864.0,-281.0,0.8714,11:16 ET
494,TSLA,288.67,Put,268.33,2022-09-23,1.0,0.25,0.26,0.27,0.26,923.0,4063.0,252.0,0.8375,11:16 ET
708,TSLA,288.67,Put,270.0,2022-09-23,1.0,0.31,0.32,0.32,0.33,4750.0,12532.0,-917.0,0.8116,11:16 ET
373,TSLA,288.67,Put,271.67,2022-09-23,1.0,0.4,0.41,0.41,0.42,946.0,2857.0,409.0,0.7962,11:16 ET
641,TSLA,288.67,Put,273.33,2022-09-23,1.0,0.52,0.53,0.53,0.55,1455.0,3745.0,122.0,0.7835,11:16 ET
119,TSLA,288.67,Put,275.0,2022-09-23,1.0,0.66,0.68,0.69,0.71,3430.0,14919.0,1350.0,0.7696999999999999,11:16 ET
447,TSLA,288.67,Put,276.67,2022-09-23,1.0,0.85,0.86,0.87,0.9,1853.0,3715.0,303.0,0.7551000000000001,11:16 ET
489,TSLA,288.67,Put,278.33,2022-09-23,1.0,1.08,1.09,1.1,1.12,2675.0,2493.0,259.0,0.7408,11:17 ET
231,TSLA,288.67,Put,280.0,2022-09-23,1.0,1.37,1.39,1.4,1.44,16517.0,17071.0,707.0,0.7286,11:16 ET
1180,TSLA,288.67,Put,281.67,2022-09-23,1.0,1.73,1.75,1.76,1.84,1643.0,2762.0,64.0,0.7161,11:16 ET
189,TSLA,288.67,Put,283.33,2022-09-23,1.0,2.14,2.18,2.21,2.29,2516.0,4978.0,877.0,0.7031000000000001,11:16 ET
86,TSLA,288.67,Put,285.0,2022-09-23,1.0,2.72,2.73,2.74,2.77,17128.0,10708.0,1670.0,0.6966,11:17 ET
825,TSLA,288.67,Put,286.67,2022-09-23,1.0,3.3,3.33,3.35,3.4,5146.0,2211.0,-86.0,0.6801999999999999,11:16 ET
327,TSLA,288.67,Put,288.33,2022-09-23,1.0,4.1,4.13,4.15,4.14,8566.0,5062.0,471.0,0.6840999999999999,11:16 ET
844,TSLA,288.67,Put,290.0,2022-09-23,1.0,5.0,5.05,5.1,5.0,43878.0,21901.0,-56.0,0.6769,11:17 ET
619,TSLA,288.67,Put,291.67,2022-09-23,1.0,5.95,6.03,6.1,6.0,5654.0,15235.0,138.0,0.6751,11:16 ET
896,TSLA,288.67,Put,292.5,2022-09-23,1.0,6.5,6.6,6.7,6.5,9331.0,5557.0,-16.0,0.6678000000000001,11:15 ET
126,TSLA,288.67,Put,293.33,2022-09-23,1.0,7.0,7.1,7.2,7.15,7491.0,5056.0,1283.0,0.6834,11:16 ET
253,TSLA,288.67,Put,295.0,2022-09-23,1.0,8.35,8.43,8.5,8.4,35642.0,15168.0,625.0,0.6931,11:16 ET
152,TSLA,288.67,Put,296.67,2022-09-23,1.0,9.6,9.7,9.8,9.58,6975.0,4878.0,1098.0,0.6973,11:17 ET
232,TSLA,288.67,Put,298.33,2022-09-23,1.0,10.55,10.65,10.75,11.0,4377.0,7347.0,698.0,0.5884,11:17 ET
17,TSLA,288.67,Put,300.0,2022-09-23,1.0,12.45,12.58,12.7,12.57,23686.0,32331.0,4328.0,0.7279000000000001,11:17 ET
503,TSLA,288.67,Put,301.67,2022-09-23,1.0,13.95,14.1,14.25,13.76,881.0,3274.0,242.0,0.7515999999999999,11:15 ET
728,TSLA,288.67,Put,303.33,2022-09-23,1.0,15.5,15.65,15.8,15.58,1398.0,3660.0,-489.0,0.7506999999999999,11:16 ET
195,TSLA,288.67,Put,305.0,2022-09-23,1.0,17.1,17.2,17.3,17.23,3175.0,10928.0,850.0,0.8011,11:16 ET
764,TSLA,288.67,Put,310.0,2022-09-23,1.0,22.05,22.15,22.25,22.08,1758.0,5308.0,-247.0,0.8944,11:16 ET
1063,TSM,75.68,Call,76.0,2022-09-23,1.0,0.59,0.61,0.62,0.62,585.0,235.0,12.0,0.501,11:12 ET
1161,TTD,59.35,Call,64.0,2022-09-23,1.0,0.07,0.08,0.08,0.13,547.0,1411.0,55.0,0.8884000000000001,10:10 ET
1064,UBER,29.08,Call,29.0,2022-09-23,1.0,0.66,0.68,0.69,0.63,764.0,185.0,13.0,1.0045,11:16 ET
282,UBER,29.08,Call,30.0,2022-09-23,1.0,0.23,0.24,0.24,0.24,529.0,1584.0,555.0,0.93,11:14 ET
851,UBER,29.08,Put,29.0,2022-09-23,1.0,0.37,0.38,0.39,0.42,791.0,1667.0,-50.0,0.7258,11:16 ET
838,UPST,21.52,Call,23.0,2022-09-23,1.0,0.2,0.21,0.21,0.2,550.0,711.0,-67.0,1.4931,11:12 ET
424,UPST,21.52,Put,21.0,2022-09-23,1.0,0.33,0.35,0.36,0.35,612.0,1433.0,331.0,1.3266999999999998,11:16 ET
849,WFC,41.58,Put,41.5,2022-09-23,1.0,0.41,0.43,0.44,0.31,520.0,376.0,-53.0,0.5822999999999999,10:15 ET
155,WMT,133.27,Put,130.0,2022-09-23,1.0,0.18,0.19,0.2,0.23,760.0,2613.0,1086.0,0.4379,11:01 ET
289,XOM,90.9,Call,92.0,2022-09-23,1.0,0.42,0.44,0.45,0.45,935.0,1390.0,546.0,0.4057,11:03 ET
81,XPEV,14.01,Call,14.0,2022-09-23,1.0,0.39,0.43,0.47,0.4,1110.0,3062.0,1708.0,1.3137,10:57 ET
112,XPEV,14.01,Call,14.5,2022-09-23,1.0,0.22,0.23,0.24,0.21,1234.0,2661.0,1406.0,1.4236000000000002,10:59 ET
164,XPEV,14.01,Call,15.0,2022-09-23,1.0,0.11,0.11,0.12,0.11,672.0,2982.0,1030.0,1.4272999999999998,11:00 ET
932,ZS,164.04,Call,177.5,2022-09-23,1.0,0.1,0.16,0.21,0.12,505.0,338.0,-4.0,0.7592,10:31 ET
=======
1427,AAL,13.75,Call,13.0,2022-09-16,0.0,0.71,0.76,0.8,0.77,937.0,8574.0,-120.0,0.7672,2022-09-16
1195,AAL,13.75,Call,13.5,2022-09-16,0.0,0.21,0.28,0.34,0.26,1141.0,3984.0,-379.0,0.2755,2022-09-16
330,AAL,13.75,Put,14.0,2022-09-16,0.0,0.2,0.25,0.3,0.23,6970.0,16286.0,1041.0,0.49329999999999996,2022-09-16
309,AAL,13.75,Put,14.5,2022-09-16,0.0,0.71,0.76,0.8,0.73,873.0,2082.0,1103.0,0.953,2022-09-16
1144,AAL,13.75,Put,15.0,2022-09-16,0.0,1.21,1.27,1.32,1.21,1374.0,48420.0,-556.0,1.4768000000000001,2022-09-16
1433,AAPL,150.7,Call,125.0,2022-09-16,0.0,24.8,25.83,26.85,25.75,968.0,21065.0,-117.0,1.5824,2022-09-16
1365,AAPL,150.7,Call,130.0,2022-09-16,0.0,20.05,20.35,20.65,20.6,754.0,13320.0,-158.0,0.0,2022-09-16
1448,AAPL,150.7,Call,135.0,2022-09-16,0.0,14.8,15.75,16.7,15.5,566.0,7634.0,-108.0,1.9350999999999998,2022-09-16
1292,AAPL,150.7,Call,140.0,2022-09-16,0.0,9.05,9.85,10.65,10.9,1234.0,20452.0,-224.0,0.0,2022-09-16
1392,AAPL,150.7,Call,145.0,2022-09-16,0.0,5.05,5.75,6.45,5.77,4247.0,14472.0,-142.0,0.4396,2022-09-16
1004,AAPL,150.7,Call,150.0,2022-09-16,0.0,0.46,0.63,0.8,0.5,185407.0,34976.0,-12763.0,0.1072,2022-09-16
1016,AAPL,150.7,Put,152.5,2022-09-16,0.0,1.65,2.33,3.0,1.78,23955.0,31120.0,-4510.0,0.6285000000000001,2022-09-16
1001,AAPL,150.7,Put,155.0,2022-09-16,0.0,4.15,4.8,5.45,4.35,14856.0,34995.0,-23986.0,0.32939999999999997,2022-09-16
1025,AAPL,150.7,Put,157.5,2022-09-16,0.0,6.45,6.98,7.5,6.82,3412.0,20055.0,-3080.0,0.41359999999999997,2022-09-16
1014,AAPL,150.7,Put,160.0,2022-09-16,0.0,9.0,9.78,10.55,9.25,4949.0,40418.0,-4910.0,1.3791,2022-09-16
1102,AAPL,150.7,Put,162.5,2022-09-16,0.0,11.0,11.95,12.9,11.6,3883.0,10915.0,-910.0,1.5121,2022-09-16
1013,AAPL,150.7,Put,165.0,2022-09-16,0.0,13.35,14.45,15.55,14.2,1832.0,56553.0,-5049.0,1.7772999999999999,2022-09-16
1303,AAPL,150.7,Put,170.0,2022-09-16,0.0,18.35,19.23,20.1,19.15,733.0,32196.0,-210.0,1.8722,2022-09-16
1172,ABBV,144.06,Call,140.0,2022-09-16,0.0,3.9,4.15,4.4,4.45,4153.0,8133.0,-444.0,0.3818,2022-09-16
1262,ABBV,144.06,Call,142.0,2022-09-16,0.0,1.9,2.32,2.74,2.39,738.0,1944.0,-263.0,0.3578,2022-09-16
1893,ABNB,118.75,Call,119.0,2022-09-16,0.0,0.06,0.15,0.24,0.14,1475.0,400.0,-15.0,0.0983,2022-09-16
1315,ACI,27.37,Put,28.0,2022-09-16,0.0,0.55,0.65,0.75,0.45,529.0,2654.0,-194.0,0.3298,2022-09-16
1371,ACN,272.68,Put,275.0,2022-09-16,0.0,1.35,2.08,2.8,1.7,1065.0,585.0,-154.0,0.2354,2022-09-16
749,ACN,272.68,Put,280.0,2022-09-16,0.0,6.3,7.05,7.8,6.72,649.0,1007.0,499.0,0.4725,2022-09-16
260,ADBE,299.5,Put,300.0,2022-09-16,0.0,0.5,0.65,0.79,0.6,2261.0,2146.0,1331.0,0.04769999999999999,2022-09-16
458,ADBE,299.5,Put,305.0,2022-09-16,0.0,5.2,5.68,6.15,5.85,723.0,940.0,786.0,0.32409999999999994,2022-09-16
1418,ADMA,2.65,Call,2.5,2022-09-16,0.0,0.1,0.13,0.15,0.15,615.0,2487.0,-125.0,0.0,2022-09-16
1604,AEO,10.95,Put,11.0,2022-09-16,0.0,0.04,0.23,0.42,0.14,2275.0,1841.0,-56.0,0.49479999999999996,2022-09-16
1804,AFRM,22.3,Put,23.0,2022-09-16,0.0,0.65,0.7,0.75,0.73,1954.0,2754.0,-23.0,0.488,2022-09-16
883,AFRM,22.3,Put,23.5,2022-09-16,0.0,1.09,1.18,1.27,1.2,700.0,1009.0,408.0,0.3599,2022-09-16
609,AFRM,22.3,Put,24.0,2022-09-16,0.0,1.5,1.63,1.76,1.6,1682.0,3551.0,613.0,1.0951,2022-09-16
1625,AG,7.67,Put,8.0,2022-09-16,0.0,0.3,0.34,0.38,0.3,555.0,1680.0,-51.0,1.0195,2022-09-16
1207,AM,10.07,Call,10.0,2022-09-16,0.0,0.05,0.1,0.15,0.1,520.0,4105.0,-343.0,0.2861,2022-09-16
1434,AMAT,88.87,Put,90.0,2022-09-16,0.0,0.81,1.19,1.56,1.1,1733.0,3906.0,-117.0,0.47700000000000004,2022-09-16
1598,AMAT,88.87,Put,93.0,2022-09-16,0.0,3.95,4.1,4.25,4.65,1031.0,1275.0,-57.0,0.6436,2022-09-16
1549,AMC,8.98,Call,8.0,2022-09-16,0.0,0.9,1.05,1.19,1.11,500.0,1309.0,-72.0,2.6414,2022-09-16
546,AMC,8.98,Put,10.0,2022-09-16,0.0,0.84,0.92,1.0,0.9,2650.0,5402.0,678.0,0.0,2022-09-16
188,AMD,76.51,Call,75.0,2022-09-16,0.0,1.48,1.53,1.57,1.54,19753.0,4410.0,1694.0,0.2477,2022-09-16
71,AMD,76.51,Call,76.0,2022-09-16,0.0,0.5,0.52,0.54,0.54,48561.0,4426.0,3910.0,0.1097,2022-09-16
1124,AMD,76.51,Put,77.5,2022-09-16,0.0,0.95,0.99,1.02,0.97,3128.0,8654.0,-740.0,0.1882,2022-09-16
276,AMD,76.51,Put,78.0,2022-09-16,0.0,1.45,1.5,1.54,1.46,2080.0,4028.0,1237.0,0.2872,2022-09-16
1187,AMD,76.51,Put,79.0,2022-09-16,0.0,2.45,2.5,2.54,2.47,1264.0,3248.0,-402.0,0.41969999999999996,2022-09-16
1063,AMD,76.51,Put,80.0,2022-09-16,0.0,3.4,3.47,3.55,3.47,3335.0,15590.0,-1354.0,0.563,2022-09-16
1136,AMD,76.51,Put,85.0,2022-09-16,0.0,8.4,8.48,8.55,8.46,730.0,20964.0,-606.0,1.1134,2022-09-16
1597,AMD,76.51,Put,90.0,2022-09-16,0.0,13.4,13.48,13.55,13.45,680.0,30093.0,-57.0,1.5893000000000002,2022-09-16
1539,AMLX,29.38,Put,30.0,2022-09-16,0.0,0.6,0.83,1.05,0.65,1465.0,2006.0,-75.0,0.3425,2022-09-16
1659,AMRS,3.54,Call,3.0,2022-09-16,0.0,0.5,0.55,0.6,0.55,857.0,2384.0,-45.0,2.0907,2022-09-16
1525,AMZN,123.53,Call,70.0,2022-09-16,0.0,53.4,53.53,53.65,53.3,981.0,238.0,-77.0,4.611000000000001,2022-09-16
1348,AMZN,123.53,Call,115.0,2022-09-16,0.0,8.45,8.58,8.7,8.59,2905.0,31458.0,-167.0,0.5031,2022-09-16
1856,AMZN,123.53,Call,117.0,2022-09-16,0.0,6.45,6.58,6.7,6.49,1492.0,2689.0,-18.0,0.6822,2022-09-16
1178,AMZN,123.53,Call,120.0,2022-09-16,0.0,3.45,3.55,3.65,3.6,85088.0,84065.0,-426.0,0.2748,2022-09-16
1421,AMZN,123.53,Call,123.0,2022-09-16,0.0,0.51,0.62,0.72,0.69,56488.0,4551.0,-124.0,0.12210000000000001,2022-09-16
1415,AMZN,123.53,Put,124.0,2022-09-16,0.0,0.35,0.46,0.56,0.43,7009.0,7913.0,-127.0,0.0501,2022-09-16
1123,AMZN,123.53,Put,125.0,2022-09-16,0.0,1.26,1.42,1.57,1.4,15369.0,20156.0,-763.0,0.24239999999999998,2022-09-16
356,AMZN,123.53,Put,126.0,2022-09-16,0.0,2.29,2.43,2.56,2.37,4109.0,7482.0,1000.0,0.3353,2022-09-16
691,AMZN,123.53,Put,127.0,2022-09-16,0.0,3.3,3.43,3.55,3.32,3313.0,8017.0,539.0,0.4178,2022-09-16
1264,AMZN,123.53,Put,127.5,2022-09-16,0.0,3.85,3.95,4.05,3.9,1159.0,6111.0,-258.0,0.4607,2022-09-16
249,AMZN,123.53,Put,128.0,2022-09-16,0.0,4.25,4.43,4.6,4.3,2364.0,8622.0,1378.0,0.5466,2022-09-16
646,AMZN,123.53,Put,129.0,2022-09-16,0.0,5.25,5.43,5.6,5.3,1563.0,5588.0,578.0,0.6317,2022-09-16
1011,AMZN,123.53,Put,130.0,2022-09-16,0.0,6.35,6.45,6.55,6.4,3619.0,32371.0,-5703.0,0.6615000000000001,2022-09-16
1398,AMZN,123.53,Put,131.0,2022-09-16,0.0,7.35,7.45,7.55,7.6,946.0,5745.0,-137.0,0.5704,2022-09-16
1101,AMZN,123.53,Put,132.0,2022-09-16,0.0,8.3,8.43,8.55,8.91,609.0,5846.0,-922.0,0.5228,2022-09-16
1358,AMZN,123.53,Put,132.5,2022-09-16,0.0,8.75,8.93,9.1,9.38,732.0,23499.0,-163.0,0.5489,2022-09-16
1201,AMZN,123.53,Put,133.0,2022-09-16,0.0,9.3,9.43,9.55,9.3,841.0,6227.0,-363.0,0.8820999999999999,2022-09-16
1058,AMZN,123.53,Put,135.0,2022-09-16,0.0,11.35,11.45,11.55,11.4,1198.0,20163.0,-1389.0,1.0205,2022-09-16
1077,AMZN,123.53,Put,140.0,2022-09-16,0.0,16.25,16.43,16.6,16.3,986.0,46920.0,-1061.0,1.4269,2022-09-16
1616,APA,40.46,Call,37.5,2022-09-16,0.0,2.77,2.91,3.05,2.61,611.0,2819.0,-54.0,1.0812,2022-09-16
1282,APA,40.46,Call,40.0,2022-09-16,0.0,0.44,0.49,0.54,0.52,1360.0,6921.0,-233.0,0.2581,2022-09-16
1436,APDN,2.26,Put,2.5,2022-09-16,0.0,0.2,0.28,0.35,0.23,669.0,2054.0,-116.0,4.2382,2022-09-16
1656,APRN,5.23,Call,5.0,2022-09-16,0.0,0.2,0.25,0.3,0.25,871.0,2193.0,-46.0,0.8745,2022-09-16
1347,ARCC,18.96,Put,19.0,2022-09-16,0.0,0.0,0.5,1.0,0.15,8750.0,18989.0,-168.0,0.3234,2022-09-16
1994,ASAN,24.03,Call,22.5,2022-09-16,0.0,1.4,1.55,1.7,1.6,635.0,1143.0,-9.0,1.0432,2022-09-16
1794,ASAN,24.03,Put,25.0,2022-09-16,0.0,0.85,0.93,1.0,0.98,1025.0,2973.0,-24.0,0.45280000000000004,2022-09-16
838,ASTS,8.52,Put,10.0,2022-09-16,0.0,1.4,1.55,1.7,1.44,613.0,4288.0,435.0,3.8454,2022-09-16
1026,ATUS,8.56,Put,9.0,2022-09-16,0.0,0.4,0.48,0.55,0.45,8365.0,31851.0,-3037.0,0.672,2022-09-16
1906,ATVI,76.02,Put,77.0,2022-09-16,0.0,0.5,1.3,2.09,0.78,524.0,2956.0,-14.0,0.9793000000000001,2022-09-16
1168,AUPH,7.3,Call,7.0,2022-09-16,0.0,0.27,0.38,0.48,0.32,570.0,1005.0,-459.0,0.7453,2022-09-16
1163,AVYA,1.88,Call,1.0,2022-09-16,0.0,0.85,0.93,1.0,0.87,1608.0,5533.0,-478.0,14.960899999999999,2022-09-16
1238,AVYA,1.88,Call,1.5,2022-09-16,0.0,0.35,0.4,0.45,0.37,1554.0,5433.0,-298.0,5.949,2022-09-16
1972,AXP,153.08,Call,150.0,2022-09-16,0.0,2.09,2.77,3.45,2.35,14042.0,14893.0,-10.0,0.4456,2022-09-16
1717,AZN,58.05,Put,58.0,2022-09-16,0.0,0.01,0.03,0.06,0.17,2724.0,2007.0,-35.0,0.0473,2022-09-16
1621,BA,144.29,Put,145.0,2022-09-16,0.0,0.6,0.78,0.96,0.75,1871.0,3303.0,-53.0,0.0868,2022-09-16
1775,BA,144.29,Put,150.0,2022-09-16,0.0,5.25,5.6,5.95,5.39,1587.0,6076.0,-27.0,0.6084,2022-09-16
1027,BABA,86.43,Call,85.0,2022-09-16,0.0,1.09,1.27,1.44,1.32,6449.0,7146.0,-3036.0,0.3017,2022-09-16
1869,BABA,86.43,Call,86.0,2022-09-16,0.0,0.12,0.28,0.44,0.3,3585.0,222.0,-17.0,0.1363,2022-09-16
1337,BABA,86.43,Put,88.0,2022-09-16,0.0,1.62,1.74,1.85,1.7,2275.0,1945.0,-177.0,0.23,2022-09-16
1327,BABA,86.43,Put,89.0,2022-09-16,0.0,2.62,2.76,2.9,2.8,713.0,3088.0,-185.0,0.48869999999999997,2022-09-16
1087,BABA,86.43,Put,90.0,2022-09-16,0.0,3.5,3.68,3.85,3.7,2906.0,28470.0,-1003.0,0.42950000000000005,2022-09-16
999,BABA,86.43,Put,91.0,2022-09-16,0.0,4.55,4.73,4.9,4.68,817.0,1198.0,350.0,0.8526,2022-09-16
1422,BABA,86.43,Put,95.0,2022-09-16,0.0,8.55,8.78,9.0,8.84,512.0,19570.0,-123.0,1.2205,2022-09-16
1171,BAC,34.12,Call,32.0,2022-09-16,0.0,2.04,2.14,2.24,2.12,2463.0,8788.0,-449.0,0.36219999999999997,2022-09-16
1035,BAC,34.12,Call,33.0,2022-09-16,0.0,1.02,1.11,1.2,1.2,654.0,10955.0,-2319.0,0.6103999999999999,2022-09-16
1562,BAC,34.12,Call,33.5,2022-09-16,0.0,0.59,0.65,0.7,0.71,518.0,2428.0,-68.0,0.2825,2022-09-16
1010,BAC,34.12,Call,34.0,2022-09-16,0.0,0.1,0.16,0.22,0.18,12499.0,19344.0,-5727.0,0.15560000000000002,2022-09-16
656,BAC,34.12,Put,34.5,2022-09-16,0.0,0.3,0.38,0.45,0.33,4143.0,7381.0,567.0,0.29059999999999997,2022-09-16
1108,BAC,34.12,Put,35.0,2022-09-16,0.0,0.78,0.85,0.91,0.8,2548.0,35899.0,-864.0,0.374,2022-09-16
1507,BB,5.72,Put,6.0,2022-09-16,0.0,0.27,0.29,0.31,0.28,713.0,6364.0,-85.0,1.0098,2022-09-16
697,BBBY,8.02,Put,8.5,2022-09-16,0.0,0.45,0.47,0.49,0.47,5085.0,6055.0,535.0,0.7631999999999999,2022-09-16
1076,BBBY,8.02,Put,9.0,2022-09-16,0.0,0.9,0.97,1.03,0.97,3227.0,8174.0,-1065.0,1.902,2022-09-16
1407,BBBY,8.02,Put,10.0,2022-09-16,0.0,1.91,1.96,2.0,1.97,2507.0,9750.0,-131.0,2.4794,2022-09-16
1591,BCRX,13.15,Call,12.0,2022-09-16,0.0,1.05,1.18,1.3,1.1,785.0,4786.0,-59.0,2.0764,2022-09-16
1617,BHC,7.38,Call,7.0,2022-09-16,0.0,0.28,0.36,0.43,0.35,765.0,5126.0,-54.0,1.2018,2022-09-16
1399,BHC,7.38,Put,10.0,2022-09-16,0.0,2.41,2.66,2.9,2.73,914.0,1065.0,-136.0,4.7428,2022-09-16
1169,BHP,50.95,Put,52.5,2022-09-16,0.0,1.45,1.6,1.75,1.65,607.0,6718.0,-456.0,0.5088,2022-09-16
1694,BKR,23.8,Put,24.0,2022-09-16,0.0,0.1,0.25,0.4,0.25,509.0,538.0,-38.0,0.2526,2022-09-16
1748,BLNK,22.05,Call,22.0,2022-09-16,0.0,0.02,0.14,0.25,0.12,758.0,538.0,-31.0,0.2016,2022-09-16
1429,BLUE,6.34,Call,5.0,2022-09-16,0.0,1.25,1.38,1.5,1.25,1165.0,2882.0,-119.0,5.223,2022-09-16
1676,BLUE,6.34,Put,7.5,2022-09-16,0.0,1.05,1.45,1.85,2.01,586.0,1410.0,-42.0,5.1018,2022-09-16
1780,BRK.B,274.81,Put,280.0,2022-09-16,0.0,4.05,4.88,5.7,4.51,1257.0,3028.0,-26.0,0.3849,2022-09-16
1941,BRK.B,274.81,Put,282.5,2022-09-16,0.0,6.05,7.15,8.25,7.33,755.0,1211.0,-12.0,0.5112,2022-09-16
1896,BROS,34.16,Put,35.0,2022-09-16,0.0,0.8,1.0,1.2,0.75,2701.0,2986.0,-15.0,0.6498999999999999,2022-09-16
1820,BSM,15.7,Call,15.0,2022-09-16,0.0,0.6,0.68,0.75,0.65,1412.0,3166.0,-20.0,0.8454999999999999,2022-09-16
1966,BTU,20.6,Put,23.0,2022-09-16,0.0,2.3,2.43,2.55,2.4,678.0,2465.0,-10.0,0.7044,2022-09-16
105,BX,92.18,Put,93.0,2022-09-16,0.0,0.29,0.62,0.95,0.69,3214.0,3050.0,2815.0,0.2139,2022-09-16
1036,BX,92.18,Put,95.0,2022-09-16,0.0,2.37,2.74,3.1,2.5,680.0,3913.0,-2303.0,0.6125,2022-09-16
1491,BYND,18.29,Put,18.5,2022-09-16,0.0,0.17,0.24,0.3,0.27,717.0,568.0,-90.0,0.3714,2022-09-16
613,BYND,18.29,Put,19.0,2022-09-16,0.0,0.58,0.68,0.78,0.72,578.0,1218.0,610.0,0.4625,2022-09-16
1048,BYND,18.29,Put,20.0,2022-09-16,0.0,1.62,1.69,1.76,1.66,525.0,3495.0,-1598.0,1.2685,2022-09-16
1870,BYND,18.29,Put,55.0,2022-09-16,0.0,36.4,36.6,36.8,36.25,578.0,827.0,-17.0,9.9025,2022-09-16
1521,C,48.11,Call,47.5,2022-09-16,0.0,0.41,0.58,0.75,0.54,1704.0,4280.0,-79.0,0.3724,2022-09-16
1059,C,48.11,Put,50.0,2022-09-16,0.0,1.76,1.87,1.98,1.8,610.0,32625.0,-1381.0,0.6174000000000001,2022-09-16
1557,CAL,24.93,Put,25.0,2022-09-16,0.0,0.05,0.13,0.2,0.19,1026.0,1821.0,-70.0,0.2954,2022-09-16
1785,CALX,58.09,Call,55.0,2022-09-16,0.0,2.65,3.03,3.4,2.94,720.0,1303.0,-26.0,1.1199,2022-09-16
1223,CAT,179.47,Put,180.0,2022-09-16,0.0,0.39,0.59,0.79,0.62,1796.0,3864.0,-326.0,0.07440000000000001,2022-09-16
1866,CAT,179.47,Put,195.0,2022-09-16,0.0,15.35,15.55,15.75,15.9,2098.0,5217.0,-17.0,0.6745,2022-09-16
248,CCJ,27.95,Put,29.0,2022-09-16,0.0,0.91,1.06,1.2,1.01,1338.0,5408.0,1396.0,0.8715999999999999,2022-09-16
1068,CCL,10.76,Call,10.0,2022-09-16,0.0,0.77,0.79,0.8,0.77,2405.0,39049.0,-1223.0,0.8525,2022-09-16
1064,CCL,10.76,Call,10.5,2022-09-16,0.0,0.23,0.26,0.29,0.26,9012.0,6533.0,-1328.0,0.5261,2022-09-16
115,CCL,10.76,Put,11.0,2022-09-16,0.0,0.21,0.23,0.25,0.22,2287.0,3313.0,2487.0,0.3469,2022-09-16
1184,CFVI,12.04,Call,10.0,2022-09-16,0.0,1.95,2.0,2.05,1.95,582.0,2131.0,-416.0,1.8097,2022-09-16
181,CFVI,12.04,Call,12.0,2022-09-16,0.0,0.0,0.1,0.2,0.1,5405.0,4565.0,1746.0,0.3128,2022-09-16
1863,CGC,3.17,Put,3.5,2022-09-16,0.0,0.28,0.32,0.35,0.31,1204.0,2269.0,-17.0,1.7216999999999998,2022-09-16
1909,CHK,100.58,Call,100.0,2022-09-16,0.0,0.3,0.65,1.0,0.6,715.0,1909.0,-14.0,0.08470000000000001,2022-09-16
1005,CHPT,17.97,Call,16.0,2022-09-16,0.0,1.96,2.03,2.1,2.0,500.0,5137.0,-10965.0,1.4013,2022-09-16
1179,CHPT,17.97,Call,17.0,2022-09-16,0.0,0.93,1.0,1.07,0.98,695.0,10595.0,-425.0,0.6103000000000001,2022-09-16
995,CHPT,17.97,Put,18.5,2022-09-16,0.0,0.4,0.49,0.58,0.47,1015.0,470.0,353.0,0.5877,2022-09-16
7,CHPT,17.97,Put,19.0,2022-09-16,0.0,0.94,1.06,1.17,0.94,1805.0,16967.0,16594.0,1.2902,2022-09-16
1756,CHS,4.97,Put,5.0,2022-09-16,0.0,0.0,0.08,0.15,0.1,2815.0,10611.0,-30.0,0.816,2022-09-16
1090,CI,290.35,Call,290.0,2022-09-16,0.0,0.3,0.55,0.8,0.75,1234.0,1867.0,-978.0,0.09210000000000002,2022-09-16
1098,CI,290.35,Put,290.0,2022-09-16,0.0,0.0,0.73,1.45,0.15,1005.0,1773.0,-948.0,0.0489,2022-09-16
1727,CI,290.35,Put,295.0,2022-09-16,0.0,4.2,4.55,4.9,4.63,502.0,572.0,-33.0,0.267,2022-09-16
1662,CLF,15.0,Put,15.5,2022-09-16,0.0,0.44,0.48,0.52,0.5,529.0,1209.0,-44.0,0.0,2022-09-16
1839,CLF,15.0,Put,16.0,2022-09-16,0.0,0.92,0.99,1.05,1.03,551.0,4050.0,-19.0,0.9233,2022-09-16
1286,CLF,15.0,Put,17.0,2022-09-16,0.0,2.0,2.01,2.02,1.99,562.0,6221.0,-230.0,1.25,2022-09-16
1406,CLNE,6.29,Call,6.0,2022-09-16,0.0,0.26,0.3,0.34,0.3,2103.0,1398.0,-132.0,0.6896,2022-09-16
1846,CLOV,2.23,Call,2.0,2022-09-16,0.0,0.21,0.25,0.28,0.23,936.0,1090.0,-19.0,3.0819,2022-09-16
1455,CLOV,2.23,Put,2.5,2022-09-16,0.0,0.26,0.3,0.34,0.28,1018.0,3246.0,-106.0,1.7231,2022-09-16
1667,CMCSA,34.52,Put,35.0,2022-09-16,0.0,0.29,0.45,0.61,0.25,1686.0,6794.0,-43.0,0.4339,2022-09-16
1410,COF,101.68,Put,101.0,2022-09-16,0.0,0.0,0.03,0.05,0.1,1131.0,1105.0,-129.0,0.16,2022-09-16
652,COF,101.68,Put,103.0,2022-09-16,0.0,1.15,1.33,1.5,1.55,528.0,894.0,573.0,0.1222,2022-09-16
1990,COIN,74.0,Call,74.0,2022-09-16,0.0,0.05,0.14,0.23,0.19,506.0,506.0,-9.0,0.1223,2022-09-16
827,COIN,74.0,Put,74.0,2022-09-16,0.0,0.05,0.15,0.25,0.17,3540.0,1133.0,442.0,0.11220000000000001,2022-09-16
1111,COIN,74.0,Put,75.0,2022-09-16,0.0,0.86,1.05,1.24,0.85,13653.0,12669.0,-823.0,0.2236,2022-09-16
371,COIN,74.0,Put,76.0,2022-09-16,0.0,1.18,1.73,2.29,1.08,1719.0,1545.0,973.0,0.635,2022-09-16
1561,COIN,74.0,Put,80.0,2022-09-16,0.0,5.5,5.9,6.3,5.78,667.0,4820.0,-69.0,1.2797,2022-09-16
1600,COP,113.13,Call,100.0,2022-09-16,0.0,12.95,13.3,13.65,13.45,2673.0,6898.0,-57.0,1.6653,2022-09-16
1924,COP,113.13,Call,105.0,2022-09-16,0.0,8.0,8.23,8.45,8.15,1141.0,5166.0,-13.0,0.6531999999999999,2022-09-16
1835,CORZ,1.8,Put,2.0,2022-09-16,0.0,0.15,0.2,0.25,0.15,851.0,1518.0,-20.0,3.1943,2022-09-16
1156,CORZ,1.8,Put,2.5,2022-09-16,0.0,0.65,0.7,0.75,0.71,5689.0,6432.0,-493.0,3.9532,2022-09-16
1039,CORZ,1.8,Put,3.0,2022-09-16,0.0,1.1,1.2,1.3,1.25,2217.0,2316.0,-2177.0,7.9914,2022-09-16
1490,COST,504.14,Put,505.0,2022-09-16,0.0,0.55,1.05,1.55,0.85,667.0,627.0,-90.0,0.10300000000000001,2022-09-16
1443,COST,504.14,Put,510.0,2022-09-16,0.0,5.15,5.98,6.8,5.41,522.0,993.0,-111.0,0.2876,2022-09-16
1540,COST,504.14,Put,535.0,2022-09-16,0.0,30.65,31.23,31.8,28.8,2050.0,2457.0,-75.0,0.6912999999999999,2022-09-16
1231,CPG,6.95,Put,7.5,2022-09-16,0.0,0.5,0.55,0.6,0.6,519.0,2123.0,-305.0,1.5101,2022-09-16
1511,CPNG,17.64,Call,17.5,2022-09-16,0.0,0.14,0.19,0.24,0.11,746.0,3006.0,-82.0,0.2874,2022-09-16
1609,CRK,18.95,Call,18.0,2022-09-16,0.0,0.9,1.03,1.15,0.7,1260.0,1150.0,-55.0,0.9677,2022-09-16
1318,CRM,151.51,Put,155.0,2022-09-16,0.0,3.25,3.5,3.75,3.35,1486.0,5080.0,-193.0,0.42560000000000003,2022-09-16
1469,CRWD,171.01,Put,180.0,2022-09-16,0.0,8.6,8.95,9.3,8.75,620.0,3179.0,-99.0,0.7604000000000001,2022-09-16
1709,CSCO,43.3,Put,44.0,2022-09-16,0.0,0.64,0.71,0.77,0.75,2958.0,3895.0,-36.0,0.29100000000000004,2022-09-16
1510,CVE,18.54,Call,18.0,2022-09-16,0.0,0.45,0.53,0.6,0.55,626.0,10873.0,-82.0,0.3724,2022-09-16
1782,CVNA,32.92,Call,33.0,2022-09-16,0.0,0.1,0.15,0.2,0.19,2184.0,177.0,-26.0,0.332,2022-09-16
1135,CVNA,32.92,Put,34.0,2022-09-16,0.0,0.95,1.2,1.45,1.22,714.0,1324.0,-617.0,0.7343999999999999,2022-09-16
461,CVNA,32.92,Put,35.0,2022-09-16,0.0,1.65,1.97,2.3,2.18,1610.0,3558.0,781.0,0.9951000000000001,2022-09-16
1911,CVNA,32.92,Put,40.0,2022-09-16,0.0,6.9,7.05,7.2,7.1,748.0,2816.0,-14.0,1.7826,2022-09-16
1569,CVS,102.06,Call,100.0,2022-09-16,0.0,2.02,2.13,2.24,2.21,5708.0,6775.0,-65.0,0.3747,2022-09-16
1031,CVX,156.45,Call,155.0,2022-09-16,0.0,1.38,1.92,2.46,1.21,1790.0,4408.0,-2635.0,0.3226,2022-09-16
377,CVX,156.45,Put,160.0,2022-09-16,0.0,3.15,3.43,3.7,3.48,692.0,5486.0,954.0,0.3469,2022-09-16
414,CWH,28.37,Put,30.0,2022-09-16,0.0,1.1,1.43,1.75,1.6,1226.0,1428.0,855.0,1.0212,2022-09-16
1695,CZR,45.08,Call,45.0,2022-09-16,0.0,0.0,0.08,0.15,0.13,898.0,2425.0,-38.0,0.08789999999999999,2022-09-16
1674,DAL,32.11,Call,31.0,2022-09-16,0.0,1.06,1.13,1.2,0.95,876.0,1464.0,-43.0,0.434,2022-09-16
1451,DAL,32.11,Call,32.0,2022-09-16,0.0,0.05,0.13,0.2,0.14,1262.0,2744.0,-107.0,0.1057,2022-09-16
1269,DAL,32.11,Put,33.0,2022-09-16,0.0,0.77,0.86,0.94,0.95,1789.0,13302.0,-254.0,0.4671,2022-09-16
1851,DASH,59.13,Put,60.0,2022-09-16,0.0,0.56,0.82,1.07,0.69,2288.0,1770.0,-19.0,0.4269,2022-09-16
1834,DASH,59.13,Put,70.0,2022-09-16,0.0,10.4,10.75,11.1,10.01,823.0,2166.0,-20.0,2.213,2022-09-16
1658,DIS,108.25,Put,110.0,2022-09-16,0.0,1.52,1.73,1.95,1.58,4645.0,11308.0,-45.0,0.34909999999999997,2022-09-16
1590,DIS,108.25,Put,111.0,2022-09-16,0.0,2.5,2.66,2.81,2.68,678.0,2041.0,-59.0,0.336,2022-09-16
1150,DISH,17.29,Put,17.5,2022-09-16,0.0,0.15,0.22,0.3,0.32,4039.0,7152.0,-527.0,0.2241,2022-09-16
1218,DKNG,18.6,Call,17.5,2022-09-16,0.0,1.07,1.12,1.17,1.1,827.0,10234.0,-332.0,1.0688,2022-09-16
1006,DKNG,18.6,Call,18.0,2022-09-16,0.0,0.6,0.66,0.71,0.65,1643.0,11970.0,-10497.0,0.627,2022-09-16
1019,DKNG,18.6,Call,18.5,2022-09-16,0.0,0.1,0.14,0.17,0.14,4650.0,4580.0,-3767.0,0.2064,2022-09-16
370,DKNG,18.6,Put,19.0,2022-09-16,0.0,0.33,0.39,0.44,0.4,2499.0,1279.0,974.0,0.1618,2022-09-16
1034,DKNG,18.6,Put,20.0,2022-09-16,0.0,1.2,1.39,1.58,1.36,5367.0,6278.0,-2350.0,1.6425999999999998,2022-09-16
1288,DNA,2.99,Call,2.5,2022-09-16,0.0,0.45,0.48,0.5,0.45,613.0,684.0,-230.0,2.3127,2022-09-16
1844,DOCU,56.58,Put,57.0,2022-09-16,0.0,0.33,0.41,0.49,0.38,793.0,864.0,-19.0,0.1884,2022-09-16
1245,DOCU,56.58,Put,60.0,2022-09-16,0.0,3.3,3.4,3.5,3.41,616.0,3027.0,-286.0,0.7911,2022-09-16
1976,DT,37.33,Put,40.0,2022-09-16,0.0,2.35,2.55,2.75,2.72,1887.0,3037.0,-10.0,0.8847,2022-09-16
1772,EMR,78.21,Put,85.0,2022-09-16,0.0,6.5,6.75,7.0,6.89,1030.0,1282.0,-27.0,1.0043,2022-09-16
1916,ENPH,318.01,Put,315.0,2022-09-16,0.0,0.0,0.02,0.03,0.23,589.0,389.0,-13.0,0.1784,2022-09-16
1276,ENVX,21.74,Call,22.5,2022-09-16,0.0,0.0,0.03,0.05,0.11,5423.0,6171.0,-243.0,0.8131,2022-09-16
1081,ENVX,21.74,Put,22.5,2022-09-16,0.0,0.75,0.78,0.8,0.75,12866.0,11074.0,-1028.0,0.5748,2022-09-16
1701,EOG,121.45,Call,118.5,2022-09-16,0.0,2.75,3.13,3.5,3.6,654.0,2205.0,-37.0,0.4238,2022-09-16
1961,EPD,25.8,Put,26.0,2022-09-16,0.0,0.15,0.19,0.23,0.1,976.0,1965.0,-11.0,0.1789,2022-09-16
1516,ET,11.81,Call,10.0,2022-09-16,0.0,1.67,1.75,1.82,1.71,534.0,1359.0,-80.0,1.7,2022-09-16
1078,ET,11.81,Call,11.0,2022-09-16,0.0,0.79,0.81,0.83,0.79,2973.0,4514.0,-1052.0,0.9758,2022-09-16
1420,ET,11.81,Call,11.5,2022-09-16,0.0,0.27,0.31,0.35,0.3,1219.0,5696.0,-125.0,0.608,2022-09-16
1705,ETSY,108.03,Call,105.0,2022-09-16,0.0,2.75,3.0,3.25,2.79,1121.0,2453.0,-37.0,0.5183,2022-09-16
1746,ETSY,108.03,Call,108.0,2022-09-16,0.0,0.11,0.32,0.52,0.29,544.0,255.0,-31.0,0.1211,2022-09-16
314,EVER,7.92,Call,7.5,2022-09-16,0.0,0.35,0.73,1.1,0.35,540.0,2051.0,1081.0,5.487,2022-09-16
1880,EXPE,101.89,Call,105.0,2022-09-16,0.0,0.03,0.12,0.2,0.2,875.0,670.0,-16.0,0.5304,2022-09-16
1321,F,14.72,Call,12.0,2022-09-16,0.0,2.66,2.71,2.75,2.7,666.0,12835.0,-192.0,2.3338,2022-09-16
1193,F,14.72,Call,13.0,2022-09-16,0.0,1.68,1.72,1.76,1.68,738.0,25563.0,-381.0,1.6655000000000002,2022-09-16
1161,F,14.72,Call,14.0,2022-09-16,0.0,0.67,0.72,0.76,0.73,3157.0,29363.0,-485.0,0.6033,2022-09-16
1109,F,14.72,Call,14.5,2022-09-16,0.0,0.17,0.22,0.26,0.22,11530.0,2339.0,-857.0,0.39490000000000003,2022-09-16
1008,F,14.72,Put,15.0,2022-09-16,0.0,0.27,0.31,0.34,0.28,53975.0,116617.0,-9042.0,0.5279,2022-09-16
1147,F,14.72,Put,15.5,2022-09-16,0.0,0.75,0.78,0.82,0.78,1593.0,9299.0,-540.0,0.8476,2022-09-16
1203,F,14.72,Put,16.0,2022-09-16,0.0,1.25,1.29,1.33,1.32,1484.0,146857.0,-363.0,1.1944,2022-09-16
1724,FAZE,14.38,Call,13.5,2022-09-16,0.0,0.45,0.78,1.1,0.65,670.0,971.0,-34.0,1.909,2022-09-16
1928,FAZE,14.38,Call,14.0,2022-09-16,0.0,0.05,0.35,0.65,0.4,1700.0,2459.0,-13.0,0.4395,2022-09-16
928,FAZE,14.38,Call,14.5,2022-09-16,0.0,0.0,0.08,0.15,0.1,1020.0,1374.0,388.0,0.5085000000000001,2022-09-16
1704,FCEL,4.02,Put,5.0,2022-09-16,0.0,0.93,1.13,1.33,0.99,689.0,1210.0,-37.0,2.4562,2022-09-16
1637,FCX,29.33,Call,29.0,2022-09-16,0.0,0.3,0.34,0.38,0.38,2060.0,1378.0,-48.0,0.2713,2022-09-16
1576,FCX,29.33,Put,29.5,2022-09-16,0.0,0.15,0.18,0.21,0.15,6229.0,6762.0,-62.0,0.17120000000000002,2022-09-16
1309,FCX,29.33,Put,30.0,2022-09-16,0.0,0.62,0.66,0.69,0.67,772.0,6912.0,-202.0,0.32380000000000003,2022-09-16
1967,FDX,161.02,Put,175.0,2022-09-16,0.0,13.4,13.75,14.1,13.89,691.0,1152.0,-10.0,0.9044,2022-09-16
1926,FDX,161.02,Put,200.0,2022-09-16,0.0,38.35,38.85,39.35,38.82,1347.0,2163.0,-13.0,2.3998,2022-09-16
1329,FIGS,9.8,Put,10.0,2022-09-16,0.0,0.15,0.2,0.25,0.2,544.0,3107.0,-183.0,0.15460000000000002,2022-09-16
1712,FREY,13.66,Call,13.0,2022-09-16,0.0,0.6,0.68,0.75,0.65,798.0,1726.0,-35.0,1.1419,2022-09-16
1447,FSLR,135.81,Call,135.0,2022-09-16,0.0,0.49,0.8,1.11,0.95,2434.0,1850.0,-109.0,0.1496,2022-09-16
1769,FSLR,135.81,Put,135.0,2022-09-16,0.0,0.0,0.17,0.33,0.1,790.0,891.0,-28.0,0.1338,2022-09-16
1813,FSLR,135.81,Put,136.0,2022-09-16,0.0,0.11,0.61,1.1,0.82,677.0,190.0,-21.0,0.25739999999999996,2022-09-16
1478,FTCH,10.38,Call,10.0,2022-09-16,0.0,0.32,0.36,0.4,0.38,1766.0,4115.0,-96.0,0.6142,2022-09-16
1816,FTNT,50.42,Call,50.0,2022-09-16,0.0,0.25,0.43,0.6,0.5,2600.0,3356.0,-21.0,0.21989999999999998,2022-09-16
1335,FUBO,4.46,Call,3.5,2022-09-16,0.0,0.9,0.95,1.0,0.95,646.0,2060.0,-178.0,3.7629,2022-09-16
1192,FUBO,4.46,Call,4.0,2022-09-16,0.0,0.46,0.48,0.49,0.48,1224.0,4193.0,-381.0,1.705,2022-09-16
724,FUBO,4.46,Put,5.0,2022-09-16,0.0,0.5,0.55,0.61,0.56,1200.0,2888.0,517.0,1.7231,2022-09-16
1606,GE,66.39,Put,70.0,2022-09-16,0.0,3.4,3.55,3.7,3.55,595.0,8269.0,-56.0,0.7240000000000001,2022-09-16
1361,GEO,8.18,Call,8.0,2022-09-16,0.0,0.15,0.2,0.25,0.15,937.0,6570.0,-162.0,0.846,2022-09-16
1356,GILD,65.6,Call,65.0,2022-09-16,0.0,0.15,0.45,0.75,0.64,1181.0,4334.0,-164.0,0.1674,2022-09-16
1919,GILT,5.81,Call,5.0,2022-09-16,0.0,0.75,0.88,1.0,0.75,906.0,945.0,-13.0,4.4126,2022-09-16
1547,GM,39.97,Call,39.0,2022-09-16,0.0,0.91,1.0,1.08,1.02,648.0,4208.0,-73.0,0.4023,2022-09-16
1167,GME,28.64,Call,25.0,2022-09-16,0.0,3.4,3.63,3.85,3.75,1059.0,1563.0,-462.0,1.9308,2022-09-16
1299,GME,28.64,Call,28.0,2022-09-16,0.0,0.29,0.62,0.94,0.62,3087.0,2885.0,-215.0,0.9571,2022-09-16
1505,GOLD,15.3,Put,16.0,2022-09-16,0.0,0.65,0.7,0.75,0.71,516.0,15490.0,-86.0,0.5233,2022-09-16
1734,GOOG,103.63,Put,108.0,2022-09-16,0.0,4.0,4.35,4.7,4.4,2186.0,3032.0,-33.0,0.4153,2022-09-16
1209,GOOG,103.63,Put,110.0,2022-09-16,0.0,6.0,6.4,6.8,6.4,1004.0,29513.0,-340.0,0.5644,2022-09-16
1543,GOOGL,102.8,Call,101.5,2022-09-16,0.0,1.25,1.38,1.51,1.38,1146.0,342.0,-74.0,0.2168,2022-09-16
1267,GOOGL,102.8,Put,103.25,2022-09-16,0.0,0.32,0.41,0.5,0.3,781.0,1225.0,-256.0,0.09609999999999999,2022-09-16
1253,GOOGL,102.8,Put,103.5,2022-09-16,0.0,0.51,0.65,0.79,0.55,791.0,1914.0,-278.0,0.1561,2022-09-16
1208,GOOGL,102.8,Put,104.5,2022-09-16,0.0,1.52,1.67,1.81,1.79,1621.0,3103.0,-342.0,0.2768,2022-09-16
1067,GOOGL,102.8,Put,105.0,2022-09-16,0.0,2.0,2.13,2.25,2.1,1946.0,14054.0,-1228.0,0.287,2022-09-16
1160,GOOGL,102.8,Put,106.0,2022-09-16,0.0,2.8,3.3,3.8,3.1,711.0,2799.0,-485.0,0.8137000000000001,2022-09-16
1325,GOOGL,102.8,Put,110.0,2022-09-16,0.0,7.1,7.38,7.65,7.0,1906.0,17757.0,-188.0,0.9198999999999999,2022-09-16
1459,GOOGL,102.8,Put,115.0,2022-09-16,0.0,11.45,12.05,12.65,12.13,604.0,24047.0,-105.0,1.6891,2022-09-16
938,GPS,9.12,Call,9.0,2022-09-16,0.0,0.1,0.14,0.17,0.13,967.0,2039.0,382.0,0.2607,2022-09-16
1706,GS,326.21,Call,325.0,2022-09-16,0.0,0.52,1.24,1.96,1.42,1159.0,651.0,-37.0,0.0958,2022-09-16
1764,GSAT,1.83,Call,1.5,2022-09-16,0.0,0.32,0.4,0.48,0.3,2661.0,3647.0,-29.0,5.581900000000001,2022-09-16
1324,GSK,30.83,Put,33.0,2022-09-16,0.0,2.0,2.18,2.35,2.18,2921.0,3449.0,-190.0,0.6417,2022-09-16
1211,HCAT,10.32,Put,12.5,2022-09-16,0.0,2.1,2.2,2.3,2.15,600.0,1041.0,-337.0,3.234,2022-09-16
1271,HD,275.97,Put,280.0,2022-09-16,0.0,3.4,3.97,4.55,4.4,525.0,1505.0,-253.0,0.28800000000000003,2022-09-16
1196,HOOD,10.25,Call,10.0,2022-09-16,0.0,0.2,0.26,0.31,0.28,1507.0,9094.0,-376.0,0.5393,2022-09-16
208,HOOD,10.25,Put,10.5,2022-09-16,0.0,0.13,0.23,0.33,0.28,20111.0,2818.0,1591.0,0.5328,2022-09-16
292,HOOD,10.25,Put,11.0,2022-09-16,0.0,0.72,0.79,0.86,0.73,1632.0,2204.0,1156.0,1.6854,2022-09-16
1605,HPQ,27.23,Put,28.0,2022-09-16,0.0,0.68,0.75,0.81,0.73,534.0,4612.0,-56.0,0.4585,2022-09-16
1500,HUM,499.79,Call,500.0,2022-09-16,0.0,0.0,0.65,1.3,0.32,544.0,552.0,-88.0,0.0392,2022-09-16
986,IBM,127.27,Call,127.0,2022-09-16,0.0,0.21,0.37,0.52,0.5,541.0,742.0,357.0,0.1343,2022-09-16
1212,IBM,127.27,Put,130.0,2022-09-16,0.0,2.4,2.62,2.84,2.95,1158.0,3141.0,-337.0,0.3193,2022-09-16
1138,IEP,51.77,Put,55.0,2022-09-16,0.0,3.1,3.25,3.4,3.21,820.0,988.0,-599.0,0.9784999999999999,2022-09-16
1777,IMRA,2.35,Put,2.5,2022-09-16,0.0,0.05,0.33,0.6,0.12,4375.0,4552.0,-27.0,10.510299999999999,2022-09-16
311,INTC,29.24,Call,28.5,2022-09-16,0.0,0.69,0.75,0.8,0.74,4053.0,2148.0,1091.0,0.1936,2022-09-16
212,INTC,29.24,Call,29.0,2022-09-16,0.0,0.19,0.24,0.29,0.24,9791.0,3930.0,1573.0,0.0726,2022-09-16
518,INTC,29.24,Put,29.5,2022-09-16,0.0,0.21,0.26,0.3,0.27,2747.0,5541.0,711.0,0.1273,2022-09-16
1065,INTC,29.24,Put,30.0,2022-09-16,0.0,0.74,0.78,0.82,0.75,2380.0,13735.0,-1267.0,0.4802,2022-09-16
1538,INTC,29.24,Put,30.5,2022-09-16,0.0,1.22,1.27,1.32,1.33,1226.0,5701.0,-75.0,0.43450000000000005,2022-09-16
1200,INTC,29.24,Put,32.0,2022-09-16,0.0,2.71,2.79,2.86,2.75,507.0,4383.0,-365.0,1.3416,2022-09-16
1082,INTC,29.24,Put,35.0,2022-09-16,0.0,5.75,5.8,5.85,5.77,704.0,29495.0,-1025.0,1.486,2022-09-16
1437,JBLU,7.92,Put,8.0,2022-09-16,0.0,0.03,0.13,0.22,0.1,797.0,1939.0,-116.0,0.3064,2022-09-16
1939,JBLU,7.92,Put,9.0,2022-09-16,0.0,1.05,1.16,1.27,1.05,635.0,1554.0,-12.0,3.2956,2022-09-16
394,JD,55.37,Put,57.5,2022-09-16,0.0,1.96,2.17,2.38,1.86,503.0,6251.0,912.0,0.4865,2022-09-16
1272,JNJ,167.6,Call,165.0,2022-09-16,0.0,1.83,2.24,2.64,2.53,3113.0,4093.0,-248.0,0.1916,2022-09-16
1556,JPM,117.08,Call,110.0,2022-09-16,0.0,7.0,7.18,7.35,6.45,811.0,4661.0,-71.0,0.742,2022-09-16
1323,JPM,117.08,Call,115.0,2022-09-16,0.0,2.05,2.22,2.38,2.36,4040.0,12388.0,-192.0,0.41359999999999997,2022-09-16
1497,JPM,117.08,Call,116.0,2022-09-16,0.0,1.04,1.23,1.43,1.32,787.0,776.0,-89.0,0.2661,2022-09-16
1310,JPM,117.08,Call,117.0,2022-09-16,0.0,0.08,0.19,0.29,0.2,6466.0,2899.0,-200.0,0.0653,2022-09-16
1056,KO,59.54,Put,60.0,2022-09-16,0.0,0.42,0.49,0.56,0.55,2661.0,10868.0,-1405.0,0.2069,2022-09-16
1925,KOS,6.52,Call,5.0,2022-09-16,0.0,1.45,1.53,1.6,1.48,1150.0,1187.0,-13.0,4.4129000000000005,2022-09-16
1560,KR,47.28,Put,48.0,2022-09-16,0.0,0.61,0.69,0.77,0.66,611.0,2966.0,-69.0,0.27399999999999997,2022-09-16
1845,LAZR,8.93,Call,8.5,2022-09-16,0.0,0.21,0.37,0.53,0.46,834.0,872.0,-19.0,0.8905,2022-09-16
1216,LCID,16.18,Call,15.0,2022-09-16,0.0,1.14,1.21,1.27,1.31,1430.0,2834.0,-333.0,0.9817,2022-09-16
1166,LCID,16.18,Call,15.5,2022-09-16,0.0,0.61,0.68,0.75,0.75,740.0,4460.0,-466.0,0.8873000000000001,2022-09-16
1133,LCID,16.18,Call,16.0,2022-09-16,0.0,0.15,0.2,0.24,0.19,3211.0,5285.0,-630.0,0.18359999999999999,2022-09-16
1401,LCID,16.18,Put,16.5,2022-09-16,0.0,0.23,0.3,0.37,0.31,14551.0,1446.0,-135.0,0.4816,2022-09-16
1793,LCID,16.18,Put,17.5,2022-09-16,0.0,1.22,1.29,1.36,1.21,3448.0,577.0,-25.0,1.1237000000000001,2022-09-16
1745,LCID,16.18,Put,18.0,2022-09-16,0.0,1.71,1.79,1.87,1.67,1177.0,2370.0,-31.0,1.4888,2022-09-16
824,LEN,75.79,Put,76.0,2022-09-16,0.0,0.05,0.2,0.35,0.45,825.0,750.0,444.0,0.1464,2022-09-16
1470,LI,24.09,Put,25.0,2022-09-16,0.0,0.85,0.92,0.99,0.95,1499.0,5187.0,-98.0,0.5887,2022-09-16
1148,LMND,22.95,Put,25.0,2022-09-16,0.0,1.9,2.08,2.25,2.0,532.0,408.0,-539.0,1.7449000000000001,2022-09-16
665,LOW,191.81,Put,192.5,2022-09-16,0.0,0.4,0.72,1.03,0.89,598.0,839.0,562.0,0.11710000000000001,2022-09-16
1279,LOW,191.81,Put,195.0,2022-09-16,0.0,2.86,3.16,3.45,3.0,511.0,1289.0,-240.0,0.3153,2022-09-16
1698,LVS,38.64,Call,38.0,2022-09-16,0.0,0.55,0.64,0.73,0.7,12793.0,18420.0,-38.0,0.331,2022-09-16
1024,LYFT,16.27,Put,17.0,2022-09-16,0.0,0.69,0.72,0.75,0.69,589.0,9396.0,-3114.0,0.6156,2022-09-16
1532,M,16.71,Put,17.0,2022-09-16,0.0,0.25,0.3,0.35,0.3,667.0,3876.0,-76.0,0.25,2022-09-16
1377,MA,315.13,Put,315.0,2022-09-16,0.0,0.04,0.7,1.35,0.24,662.0,941.0,-148.0,0.046900000000000004,2022-09-16
280,MARA,10.92,Put,11.5,2022-09-16,0.0,0.53,0.57,0.61,0.57,4699.0,4278.0,1222.0,0.8592,2022-09-16
483,MARA,10.92,Put,12.0,2022-09-16,0.0,1.03,1.08,1.13,1.07,3875.0,3711.0,753.0,1.5131999999999999,2022-09-16
1509,MARA,10.92,Put,12.5,2022-09-16,0.0,1.53,1.58,1.63,1.56,1943.0,3327.0,-83.0,1.9544,2022-09-16
1285,MARA,10.92,Put,15.0,2022-09-16,0.0,4.0,4.08,4.15,4.11,662.0,16728.0,-231.0,3.365,2022-09-16
1881,MCD,254.91,Put,252.5,2022-09-16,0.0,0.0,0.06,0.11,0.12,947.0,1575.0,-16.0,0.1552,2022-09-16
1565,MCD,254.91,Put,255.0,2022-09-16,0.0,0.04,0.24,0.44,0.19,958.0,1113.0,-67.0,0.026699999999999998,2022-09-16
1773,MDB,220.58,Put,220.0,2022-09-16,0.0,0.0,0.28,0.55,0.15,1337.0,1028.0,-27.0,0.0819,2022-09-16
1221,ME,3.05,Put,4.0,2022-09-16,0.0,0.85,0.93,1.0,0.95,539.0,929.0,-326.0,4.517799999999999,2022-09-16
1093,META,146.29,Call,145.0,2022-09-16,0.0,1.07,1.34,1.6,1.45,28999.0,1026.0,-962.0,0.1937,2022-09-16
1021,META,146.29,Put,150.0,2022-09-16,0.0,3.5,3.68,3.85,3.55,18736.0,21497.0,-3233.0,0.3829,2022-09-16
1176,META,146.29,Put,152.5,2022-09-16,0.0,5.95,6.15,6.35,5.97,2537.0,6406.0,-430.0,0.5573,2022-09-16
1073,META,146.29,Put,155.0,2022-09-16,0.0,8.4,8.65,8.9,8.59,3345.0,11172.0,-1140.0,0.7673000000000001,2022-09-16
1259,META,146.29,Put,157.5,2022-09-16,0.0,10.95,11.18,11.4,10.9,1549.0,6586.0,-265.0,0.925,2022-09-16
1122,META,146.29,Put,160.0,2022-09-16,0.0,13.4,13.65,13.9,13.51,1706.0,26901.0,-765.0,1.075,2022-09-16
1317,META,146.29,Put,165.0,2022-09-16,0.0,18.4,18.65,18.9,18.45,1064.0,32156.0,-193.0,1.3571,2022-09-16
1409,META,146.29,Put,170.0,2022-09-16,0.0,23.4,23.67,23.95,23.55,4186.0,26161.0,-130.0,1.6906999999999999,2022-09-16
1400,MO,42.29,Call,37.5,2022-09-16,0.0,4.6,4.73,4.85,4.8,1080.0,1345.0,-136.0,1.0923,2022-09-16
1697,MOS,52.2,Put,52.0,2022-09-16,0.0,0.0,0.09,0.18,0.13,2145.0,1467.0,-38.0,0.2,2022-09-16
1460,MPC,95.65,Call,95.0,2022-09-16,0.0,0.52,0.75,0.98,0.96,1157.0,2048.0,-104.0,0.2925,2022-09-16
1687,MPC,95.65,Put,98.0,2022-09-16,0.0,1.94,2.4,2.85,2.7,21666.0,21542.0,-39.0,0.5818,2022-09-16
1341,MPW,13.8,Put,14.0,2022-09-16,0.0,0.2,0.25,0.3,0.2,4131.0,5555.0,-175.0,0.6293,2022-09-16
1442,MPW,13.8,Put,15.0,2022-09-16,0.0,1.15,1.23,1.3,1.2,2769.0,3891.0,-112.0,1.5957,2022-09-16
1635,MQ,7.26,Put,7.5,2022-09-16,0.0,0.2,0.23,0.25,0.2,1260.0,2076.0,-48.0,0.5094,2022-09-16
1948,MRNA,137.74,Call,137.0,2022-09-16,0.0,0.23,0.68,1.14,0.75,1299.0,294.0,-11.0,0.04650000000000001,2022-09-16
1394,MRNA,137.74,Call,138.0,2022-09-16,0.0,0.07,0.13,0.18,0.18,1697.0,871.0,-138.0,0.1009,2022-09-16
1873,MRNA,137.74,Put,138.0,2022-09-16,0.0,0.25,0.38,0.5,0.44,895.0,472.0,-17.0,0.1038,2022-09-16
1528,MRNA,137.74,Put,140.0,2022-09-16,0.0,2.1,2.34,2.57,2.3,1103.0,2109.0,-76.0,0.2104,2022-09-16
1550,MRO,26.22,Call,26.0,2022-09-16,0.0,0.19,0.23,0.27,0.22,588.0,2706.0,-72.0,0.2422,2022-09-16
1018,MS,87.43,Call,87.5,2022-09-16,0.0,0.07,0.16,0.24,0.24,1354.0,4340.0,-3794.0,0.1515,2022-09-16
1541,MSFT,244.74,Put,245.0,2022-09-16,0.0,0.24,0.51,0.77,0.22,8279.0,7606.0,-75.0,0.0719,2022-09-16
1038,MSFT,244.74,Put,250.0,2022-09-16,0.0,4.8,5.5,6.2,4.82,3381.0,10231.0,-2180.0,0.5524,2022-09-16
1129,MSFT,244.74,Put,252.5,2022-09-16,0.0,7.25,8.35,9.45,7.4,1116.0,4437.0,-704.0,0.8859,2022-09-16
1105,MSFT,244.74,Put,255.0,2022-09-16,0.0,9.4,10.2,11.0,10.2,1055.0,6851.0,-875.0,0.7551000000000001,2022-09-16
1106,MSFT,244.74,Put,260.0,2022-09-16,0.0,14.8,15.9,17.0,15.05,1405.0,18697.0,-873.0,1.3061,2022-09-16
1237,MSFT,244.74,Put,262.5,2022-09-16,0.0,17.3,17.9,18.5,17.79,508.0,2394.0,-299.0,0.6042000000000001,2022-09-16
1164,MSFT,244.74,Put,270.0,2022-09-16,0.0,23.0,24.65,26.3,25.35,1145.0,15966.0,-477.0,0.9298000000000001,2022-09-16
932,MSTR,206.34,Put,210.0,2022-09-16,0.0,2.6,3.7,4.8,2.95,981.0,813.0,384.0,0.5967,2022-09-16
1714,MU,52.85,Put,54.0,2022-09-16,0.0,1.07,1.14,1.2,1.2,1449.0,2919.0,-35.0,0.341,2022-09-16
1308,MU,52.85,Put,55.0,2022-09-16,0.0,2.1,2.15,2.19,2.17,1715.0,13874.0,-203.0,0.4449,2022-09-16
1396,NAT,3.11,Call,3.0,2022-09-16,0.0,0.1,0.13,0.15,0.1,1671.0,2577.0,-137.0,1.3244,2022-09-16
1149,NCLH,15.31,Call,14.5,2022-09-16,0.0,0.77,0.82,0.86,0.8,589.0,2139.0,-537.0,0.9688,2022-09-16
1117,NCLH,15.31,Call,15.0,2022-09-16,0.0,0.27,0.3,0.32,0.32,4174.0,10381.0,-777.0,0.3222,2022-09-16
473,NCLH,15.31,Put,15.5,2022-09-16,0.0,0.18,0.2,0.22,0.18,1252.0,911.0,765.0,0.28850000000000003,2022-09-16
709,NEE,84.79,Put,85.0,2022-09-16,0.0,0.05,0.2,0.35,0.31,1988.0,3502.0,525.0,0.1063,2022-09-16
1790,NEM,43.71,Put,44.0,2022-09-16,0.0,0.22,0.28,0.33,0.2,685.0,331.0,-25.0,0.1496,2022-09-16
1754,NET,58.92,Put,60.0,2022-09-16,0.0,0.53,0.91,1.28,1.08,918.0,2816.0,-30.0,0.1408,2022-09-16
1088,NFLX,240.13,Call,225.0,2022-09-16,0.0,14.4,15.35,16.3,15.85,3954.0,12501.0,-1000.0,1.0439,2022-09-16
1204,NFLX,240.13,Call,227.5,2022-09-16,0.0,12.25,12.88,13.5,14.25,1326.0,1096.0,-355.0,0.6834,2022-09-16
1095,NFLX,240.13,Call,230.0,2022-09-16,0.0,10.0,10.28,10.55,10.04,9130.0,3236.0,-954.0,0.6623,2022-09-16
1154,NFLX,240.13,Call,235.0,2022-09-16,0.0,4.9,5.3,5.7,5.46,17569.0,7330.0,-508.0,0.3768,2022-09-16
843,NFLX,240.13,Call,237.5,2022-09-16,0.0,2.48,2.76,3.05,2.7,13812.0,1772.0,434.0,0.1442,2022-09-16
329,NFLX,240.13,Call,240.0,2022-09-16,0.0,0.25,0.4,0.54,0.54,35369.0,6071.0,1044.0,0.0932,2022-09-16
1770,NIO,20.15,Call,17.0,2022-09-16,0.0,3.05,3.13,3.2,3.05,527.0,1060.0,-27.0,2.0753,2022-09-16
1595,NIO,20.15,Call,18.0,2022-09-16,0.0,2.06,2.14,2.22,2.09,642.0,3050.0,-58.0,1.6328,2022-09-16
1645,NIO,20.15,Call,19.0,2022-09-16,0.0,1.03,1.12,1.2,1.08,634.0,3785.0,-47.0,0.9176000000000001,2022-09-16
1652,NIO,20.15,Call,19.5,2022-09-16,0.0,0.54,0.64,0.73,0.55,2116.0,2475.0,-46.0,0.7245,2022-09-16
1134,NIO,20.15,Call,20.0,2022-09-16,0.0,0.06,0.14,0.22,0.19,15778.0,18188.0,-627.0,0.23070000000000002,2022-09-16
1085,NIO,20.15,Put,20.5,2022-09-16,0.0,0.37,0.42,0.46,0.43,13748.0,15221.0,-1008.0,0.5015,2022-09-16
1206,NIO,20.15,Put,21.0,2022-09-16,0.0,0.81,0.88,0.95,0.95,13572.0,10151.0,-348.0,0.9046,2022-09-16
1499,NIO,20.15,Put,21.5,2022-09-16,0.0,1.31,1.4,1.48,1.41,3425.0,10818.0,-88.0,1.0297,2022-09-16
1130,NIO,20.15,Put,22.0,2022-09-16,0.0,1.82,1.91,1.99,1.94,2321.0,3376.0,-679.0,1.4299000000000002,2022-09-16
1439,NKE,104.12,Put,105.0,2022-09-16,0.0,0.64,0.82,0.99,0.71,1702.0,3621.0,-114.0,0.1895,2022-09-16
521,NKLA,5.12,Put,5.5,2022-09-16,0.0,0.37,0.43,0.49,0.39,23591.0,24992.0,705.0,0.9912000000000001,2022-09-16
748,NOV,17.12,Call,14.0,2022-09-16,0.0,2.85,3.03,3.2,3.1,529.0,1821.0,500.0,2.7508,2022-09-16
286,NVAX,30.41,Put,31.5,2022-09-16,0.0,0.55,0.91,1.26,0.87,1384.0,1414.0,1197.0,0.8633,2022-09-16
1847,NVDA,131.98,Call,125.0,2022-09-16,0.0,5.45,6.38,7.3,7.0,969.0,2002.0,-19.0,0.38539999999999996,2022-09-16
559,NVDA,131.98,Call,128.0,2022-09-16,0.0,3.9,4.0,4.1,4.0,14413.0,1097.0,666.0,0.2289,2022-09-16
634,NVDA,131.98,Call,129.0,2022-09-16,0.0,2.9,2.97,3.05,3.02,31098.0,1468.0,591.0,0.24280000000000002,2022-09-16
236,NVDA,131.98,Call,130.0,2022-09-16,0.0,1.82,1.93,2.04,2.0,57918.0,5501.0,1449.0,0.1222,2022-09-16
254,NVDA,131.98,Call,131.0,2022-09-16,0.0,0.96,1.02,1.08,0.99,32604.0,2936.0,1354.0,0.14550000000000002,2022-09-16
127,NVDA,131.98,Call,132.0,2022-09-16,0.0,0.16,0.19,0.21,0.2,26818.0,4378.0,2340.0,0.0735,2022-09-16
1473,NVDA,131.98,Put,132.0,2022-09-16,0.0,0.17,0.2,0.22,0.2,2978.0,2040.0,-97.0,0.0725,2022-09-16
1419,NVDA,131.98,Put,133.0,2022-09-16,0.0,0.96,1.02,1.08,0.96,777.0,3079.0,-125.0,0.1412,2022-09-16
1141,NVDA,131.98,Put,134.0,2022-09-16,0.0,1.92,2.01,2.1,1.92,979.0,3430.0,-573.0,0.2434,2022-09-16
1042,NVDA,131.98,Put,135.0,2022-09-16,0.0,2.93,3.02,3.1,3.0,2119.0,12249.0,-1828.0,0.32520000000000004,2022-09-16
1131,NVDA,131.98,Put,140.0,2022-09-16,0.0,7.9,8.0,8.1,8.0,1564.0,10187.0,-659.0,0.6807,2022-09-16
1244,NVDA,131.98,Put,145.0,2022-09-16,0.0,12.9,13.08,13.25,12.95,596.0,5554.0,-286.0,1.1975,2022-09-16
1142,NVDA,131.98,Put,150.0,2022-09-16,0.0,17.85,18.05,18.25,17.92,597.0,11273.0,-568.0,1.5196,2022-09-16
1650,NVTA,3.18,Put,3.5,2022-09-16,0.0,0.25,0.33,0.4,0.35,1099.0,1748.0,-47.0,1.9275,2022-09-16
1614,NXPI,159.94,Put,155.0,2022-09-16,0.0,0.0,0.38,0.75,0.12,650.0,1626.0,-55.0,0.4261,2022-09-16
1840,OKE,60.22,Call,60.0,2022-09-16,0.0,0.1,0.28,0.45,0.39,620.0,914.0,-19.0,0.2158,2022-09-16
1444,OKTA,59.01,Put,59.0,2022-09-16,0.0,0.08,0.11,0.14,0.16,551.0,336.0,-111.0,0.0953,2022-09-16
1417,OPK,2.05,Put,2.5,2022-09-16,0.0,0.35,0.48,0.6,0.48,959.0,915.0,-126.0,3.5554,2022-09-16
1165,ORCL,68.83,Put,69.0,2022-09-16,0.0,0.08,0.17,0.25,0.15,2693.0,1954.0,-477.0,0.1054,2022-09-16
1032,ORCL,68.83,Put,72.0,2022-09-16,0.0,2.97,3.11,3.25,3.25,638.0,3318.0,-2547.0,0.6149,2022-09-16
1673,OXY,64.41,Call,57.5,2022-09-16,0.0,6.8,7.0,7.2,6.6,832.0,2805.0,-43.0,1.3283,2022-09-16
1423,OXY,64.41,Call,60.0,2022-09-16,0.0,4.15,4.43,4.7,4.7,857.0,5280.0,-122.0,1.2592,2022-09-16
1277,OXY,64.41,Put,66.0,2022-09-16,0.0,1.3,1.56,1.82,1.82,733.0,2421.0,-243.0,0.5794,2022-09-16
1462,PANW,174.09,Put,175.0,2022-09-16,0.0,0.6,0.9,1.2,1.0,689.0,1072.0,-103.0,0.1096,2022-09-16
1838,PANW,174.09,Put,178.33,2022-09-16,0.0,3.7,4.1,4.5,4.95,508.0,426.0,-19.0,0.4226,2022-09-16
1755,PANW,174.09,Put,180.0,2022-09-16,0.0,5.5,5.85,6.2,5.5,1065.0,1171.0,-30.0,0.5473,2022-09-16
1241,PARA,22.73,Call,22.0,2022-09-16,0.0,0.7,0.76,0.83,0.74,1505.0,1460.0,-289.0,0.3937,2022-09-16
1669,PARA,22.73,Call,22.5,2022-09-16,0.0,0.21,0.26,0.3,0.28,529.0,1195.0,-43.0,0.2897,2022-09-16
1322,PARA,22.73,Put,23.0,2022-09-16,0.0,0.22,0.25,0.28,0.27,772.0,1025.0,-192.0,0.1728,2022-09-16
160,PARA,22.73,Put,24.0,2022-09-16,0.0,0.89,1.18,1.47,1.28,852.0,3672.0,1895.0,0.5702,2022-09-16
1664,PATH,14.03,Put,15.0,2022-09-16,0.0,0.85,0.93,1.0,0.99,678.0,2120.0,-44.0,0.8748,2022-09-16
218,PBR,13.1,Call,13.0,2022-09-16,0.0,0.01,0.08,0.14,0.1,1421.0,2612.0,1528.0,0.1039,2022-09-16
1113,PBR,13.1,Put,14.0,2022-09-16,0.0,0.86,0.95,1.04,0.94,7586.0,11214.0,-793.0,0.9973000000000001,2022-09-16
1020,PBR,13.1,Put,15.0,2022-09-16,0.0,1.51,1.77,2.02,1.95,1820.0,14353.0,-3587.0,1.7987,2022-09-16
124,PCG,13.08,Call,13.0,2022-09-16,0.0,0.06,0.09,0.12,0.1,7717.0,26858.0,2371.0,0.18289999999999998,2022-09-16
654,PDD,65.67,Put,68.0,2022-09-16,0.0,2.22,2.34,2.46,2.35,540.0,1297.0,571.0,0.3986,2022-09-16
1174,PFE,46.03,Call,45.0,2022-09-16,0.0,0.97,1.08,1.19,1.1,529.0,11166.0,-436.0,0.40880000000000005,2022-09-16
1638,PFE,46.03,Put,46.5,2022-09-16,0.0,0.38,0.44,0.5,0.41,530.0,959.0,-48.0,0.1769,2022-09-16
1273,PFE,46.03,Put,47.0,2022-09-16,0.0,0.86,0.99,1.12,0.93,8479.0,16533.0,-248.0,0.5063,2022-09-16
1152,PGR,124.89,Put,125.0,2022-09-16,0.0,0.0,0.2,0.4,0.15,609.0,625.0,-515.0,0.034,2022-09-16
134,PINS,24.92,Put,25.0,2022-09-16,0.0,0.06,0.1,0.14,0.11,4026.0,4719.0,2281.0,0.12179999999999999,2022-09-16
1177,PLTR,7.78,Call,7.5,2022-09-16,0.0,0.23,0.34,0.45,0.25,7547.0,8534.0,-429.0,1.8215000000000001,2022-09-16
182,PLTR,7.78,Put,8.0,2022-09-16,0.0,0.22,0.24,0.25,0.25,4405.0,11266.0,1744.0,0.6476999999999999,2022-09-16
1053,PLTR,7.78,Put,9.0,2022-09-16,0.0,1.2,1.23,1.27,1.24,762.0,6379.0,-1481.0,1.806,2022-09-16
1376,PLUG,28.25,Call,25.0,2022-09-16,0.0,3.2,3.25,3.3,3.2,591.0,12154.0,-148.0,1.4788,2022-09-16
1738,PLUG,28.25,Call,28.0,2022-09-16,0.0,0.22,0.27,0.31,0.26,1151.0,1088.0,-32.0,0.13019999999999998,2022-09-16
661,PLUG,28.25,Put,29.0,2022-09-16,0.0,0.69,0.75,0.8,0.73,1606.0,1812.0,564.0,0.47200000000000003,2022-09-16
1300,PLUG,28.25,Put,30.0,2022-09-16,0.0,1.7,1.78,1.86,1.77,671.0,4846.0,-213.0,0.6969,2022-09-16
513,PLUG,28.25,Put,30.5,2022-09-16,0.0,2.02,2.19,2.35,2.1,536.0,1355.0,716.0,1.2161,2022-09-16
159,PTON,9.74,Put,10.0,2022-09-16,0.0,0.25,0.28,0.3,0.24,8942.0,7479.0,1978.0,0.45380000000000004,2022-09-16
1132,PTON,9.74,Put,10.5,2022-09-16,0.0,0.71,0.78,0.85,0.74,1500.0,2043.0,-651.0,1.6471,2022-09-16
1330,PYPL,94.0,Call,90.0,2022-09-16,0.0,3.9,4.03,4.15,4.1,696.0,11616.0,-183.0,0.6093,2022-09-16
1707,PYPL,94.0,Call,92.5,2022-09-16,0.0,1.38,1.54,1.69,1.45,1384.0,2741.0,-37.0,0.3696,2022-09-16
1825,PYPL,94.0,Call,94.0,2022-09-16,0.0,0.07,0.12,0.17,0.11,8937.0,1198.0,-20.0,0.06,2022-09-16
1186,PYPL,94.0,Put,94.0,2022-09-16,0.0,0.1,0.14,0.18,0.1,2385.0,5322.0,-410.0,0.047400000000000005,2022-09-16
1225,PYPL,94.0,Put,95.0,2022-09-16,0.0,0.88,1.01,1.13,1.0,858.0,6370.0,-317.0,0.2309,2022-09-16
1666,QCOM,124.95,Put,125.0,2022-09-16,0.0,0.12,0.16,0.19,0.14,2479.0,3534.0,-44.0,0.0437,2022-09-16
1586,QCOM,124.95,Put,130.0,2022-09-16,0.0,4.95,5.08,5.2,4.95,659.0,3568.0,-60.0,0.5621,2022-09-16
1403,QS,11.31,Call,11.0,2022-09-16,0.0,0.3,0.32,0.35,0.27,893.0,2719.0,-134.0,0.4448,2022-09-16
1296,QSR,59.25,Call,57.5,2022-09-16,0.0,1.75,1.83,1.9,1.78,1670.0,3994.0,-217.0,0.3775,2022-09-16
1316,RBLX,39.5,Put,40.0,2022-09-16,0.0,0.25,0.5,0.74,0.35,5037.0,9499.0,-194.0,0.5434,2022-09-16
1023,RBLX,39.5,Put,40.5,2022-09-16,0.0,0.78,1.1,1.42,1.2,870.0,3917.0,-3192.0,0.6836,2022-09-16
1819,RBLX,39.5,Put,41.0,2022-09-16,0.0,1.28,1.64,1.99,1.41,1377.0,1140.0,-20.0,1.2947,2022-09-16
415,RBLX,39.5,Put,42.0,2022-09-16,0.0,2.22,2.61,2.99,2.49,771.0,2685.0,850.0,1.6596000000000002,2022-09-16
167,RBLX,39.5,Put,43.0,2022-09-16,0.0,3.45,3.53,3.6,3.45,2575.0,2485.0,1827.0,1.1983,2022-09-16
1189,RBLX,39.5,Put,45.0,2022-09-16,0.0,5.35,5.55,5.75,5.44,1695.0,11146.0,-400.0,2.0795,2022-09-16
1041,RCL,50.44,Call,50.0,2022-09-16,0.0,0.19,0.41,0.63,0.46,990.0,7498.0,-2036.0,0.1506,2022-09-16
1787,RDFN,7.38,Put,8.0,2022-09-16,0.0,0.5,0.63,0.75,0.71,883.0,3444.0,-26.0,1.9169,2022-09-16
1252,REV,6.6,Call,6.0,2022-09-16,0.0,0.55,0.68,0.8,0.58,597.0,922.0,-279.0,3.3421,2022-09-16
1763,REV,6.6,Call,6.5,2022-09-16,0.0,0.0,0.1,0.2,0.15,1104.0,771.0,-29.0,0.6713,2022-09-16
1239,RIG,3.03,Put,3.5,2022-09-16,0.0,0.45,0.46,0.48,0.46,821.0,14387.0,-290.0,1.8940000000000001,2022-09-16
974,RIOT,6.64,Put,7.0,2022-09-16,0.0,0.32,0.37,0.41,0.37,4642.0,6722.0,364.0,0.8157,2022-09-16
1283,RIOT,6.64,Put,7.5,2022-09-16,0.0,0.81,0.87,0.93,0.86,2258.0,3473.0,-233.0,1.2397,2022-09-16
1029,RIOT,6.64,Put,8.0,2022-09-16,0.0,1.31,1.38,1.44,1.37,1262.0,3429.0,-2920.0,2.1231,2022-09-16
1452,RIVN,39.26,Call,35.0,2022-09-16,0.0,4.1,4.28,4.45,4.2,514.0,6808.0,-107.0,1.8126,2022-09-16
1559,RIVN,39.26,Call,39.0,2022-09-16,0.0,0.1,0.29,0.48,0.25,5960.0,1342.0,-70.0,0.40990000000000004,2022-09-16
1125,ROKU,71.35,Call,70.0,2022-09-16,0.0,1.23,1.38,1.52,1.35,843.0,2125.0,-738.0,0.4244,2022-09-16
1693,ROKU,71.35,Call,71.0,2022-09-16,0.0,0.24,0.42,0.59,0.49,983.0,678.0,-39.0,0.1881,2022-09-16
393,ROKU,71.35,Put,72.0,2022-09-16,0.0,0.5,0.65,0.79,0.65,2599.0,1794.0,913.0,0.258,2022-09-16
378,ROKU,71.35,Put,73.0,2022-09-16,0.0,1.41,1.64,1.86,1.58,1841.0,1669.0,951.0,0.5172,2022-09-16
1197,RUN,37.1,Call,35.0,2022-09-16,0.0,2.0,2.11,2.21,2.3,962.0,5460.0,-376.0,0.47700000000000004,2022-09-16
1428,SAVA,31.04,Call,30.0,2022-09-16,0.0,0.95,1.01,1.06,1.05,894.0,3401.0,-119.0,0.3638,2022-09-16
1121,SBSW,8.77,Put,10.0,2022-09-16,0.0,1.2,1.25,1.3,1.25,1126.0,3431.0,-765.0,1.5937999999999999,2022-09-16
1761,SBUX,91.31,Call,87.5,2022-09-16,0.0,3.75,3.85,3.95,3.85,934.0,14430.0,-29.0,0.4854,2022-09-16
1854,SBUX,91.31,Call,88.0,2022-09-16,0.0,3.25,3.35,3.45,3.37,1320.0,2809.0,-18.0,0.4696,2022-09-16
1384,SBUX,91.31,Call,90.0,2022-09-16,0.0,1.23,1.34,1.44,1.34,5071.0,16176.0,-146.0,0.1954,2022-09-16
1898,SBUX,91.31,Call,91.0,2022-09-16,0.0,0.21,0.38,0.55,0.35,3940.0,3680.0,-15.0,0.0782,2022-09-16
592,SBUX,91.31,Put,92.0,2022-09-16,0.0,0.59,0.77,0.95,0.67,1325.0,1814.0,631.0,0.2811,2022-09-16
1467,SCHW,71.87,Call,70.0,2022-09-16,0.0,1.77,1.9,2.02,1.83,927.0,2579.0,-101.0,0.4989,2022-09-16
1689,SE,59.01,Put,60.0,2022-09-16,0.0,0.84,1.01,1.18,1.02,595.0,9795.0,-39.0,0.2422,2022-09-16
1726,SHOP,31.73,Call,31.5,2022-09-16,0.0,0.15,0.37,0.59,0.35,938.0,1051.0,-34.0,0.3271,2022-09-16
313,SHOP,31.73,Put,32.5,2022-09-16,0.0,0.67,0.81,0.95,0.69,1871.0,5991.0,1087.0,0.7048000000000001,2022-09-16
708,SHOP,31.73,Put,33.0,2022-09-16,0.0,1.11,1.25,1.38,1.17,6206.0,12051.0,527.0,0.769,2022-09-16
774,SHOP,31.73,Put,34.0,2022-09-16,0.0,2.13,2.23,2.33,2.12,1117.0,5280.0,481.0,0.9578,2022-09-16
1278,SHOP,31.73,Put,35.0,2022-09-16,0.0,3.1,3.3,3.5,3.17,1244.0,5232.0,-242.0,1.7878999999999998,2022-09-16
1355,SLB,38.37,Call,37.5,2022-09-16,0.0,0.79,0.87,0.95,0.87,2030.0,12462.0,-165.0,0.456,2022-09-16
1963,SNAP,11.3,Call,10.5,2022-09-16,0.0,0.78,0.8,0.83,0.8,565.0,1396.0,-10.0,1.1013,2022-09-16
1061,SNAP,11.3,Call,11.0,2022-09-16,0.0,0.27,0.3,0.33,0.31,4291.0,11115.0,-1365.0,0.38659999999999994,2022-09-16
324,SNAP,11.3,Put,11.5,2022-09-16,0.0,0.17,0.2,0.22,0.2,13559.0,9832.0,1052.0,0.1366,2022-09-16
968,SNAP,11.3,Put,12.0,2022-09-16,0.0,0.66,0.7,0.73,0.69,5694.0,21867.0,368.0,0.945,2022-09-16
1958,SNOW,184.67,Call,182.5,2022-09-16,0.0,1.8,2.45,3.1,2.1,687.0,178.0,-11.0,0.4739,2022-09-16
1558,SNOW,184.67,Call,185.0,2022-09-16,0.0,0.1,0.2,0.3,0.13,1948.0,1131.0,-70.0,0.0675,2022-09-16
1297,SNOW,184.67,Put,185.0,2022-09-16,0.0,0.3,0.63,0.95,0.4,8196.0,1618.0,-217.0,0.052199999999999996,2022-09-16
944,SNOW,184.67,Put,192.5,2022-09-16,0.0,6.3,7.6,8.9,8.2,724.0,584.0,380.0,0.6724,2022-09-16
80,SOFI,6.05,Put,6.5,2022-09-16,0.0,0.44,0.46,0.49,0.44,5145.0,7565.0,3406.0,1.416,2022-09-16
1220,SOFI,6.05,Put,7.0,2022-09-16,0.0,0.84,0.91,0.97,0.8,802.0,5121.0,-329.0,1.911,2022-09-16
1313,SPCE,5.31,Put,5.5,2022-09-16,0.0,0.15,0.19,0.23,0.19,783.0,1576.0,-196.0,0.983,2022-09-16
462,SQ,64.89,Put,65.0,2022-09-16,0.0,0.11,0.18,0.24,0.2,9228.0,6380.0,781.0,0.1043,2022-09-16
1083,SQ,64.89,Put,66.0,2022-09-16,0.0,1.0,1.13,1.26,1.08,2083.0,1701.0,-1023.0,0.3936,2022-09-16
579,SQ,64.89,Put,67.0,2022-09-16,0.0,1.92,2.11,2.29,1.9,2863.0,1429.0,642.0,0.6243,2022-09-16
1537,SQ,64.89,Put,67.5,2022-09-16,0.0,2.4,2.59,2.78,2.52,767.0,3407.0,-75.0,0.7033,2022-09-16
232,SQ,64.89,Put,70.0,2022-09-16,0.0,4.95,5.15,5.35,4.95,1813.0,11620.0,1459.0,1.222,2022-09-16
1905,SRG,11.8,Put,12.0,2022-09-16,0.0,0.1,0.25,0.4,0.3,5664.0,6356.0,-14.0,0.7433,2022-09-16
1653,SSYS,15.67,Put,17.5,2022-09-16,0.0,1.75,1.83,1.9,2.0,522.0,833.0,-46.0,1.68,2022-09-16
1716,STLD,75.02,Put,80.0,2022-09-16,0.0,4.8,4.95,5.1,4.9,1853.0,2064.0,-35.0,0.8676999999999999,2022-09-16
1215,SWN,7.21,Call,7.0,2022-09-16,0.0,0.17,0.2,0.23,0.2,3579.0,8905.0,-336.0,0.5924,2022-09-16
1757,SWN,7.21,Put,8.0,2022-09-16,0.0,0.77,0.79,0.82,0.79,5312.0,7482.0,-30.0,0.0,2022-09-16
1502,T,16.74,Put,17.0,2022-09-16,0.0,0.22,0.26,0.29,0.25,1928.0,21474.0,-87.0,0.3274,2022-09-16
1345,T,16.74,Put,17.5,2022-09-16,0.0,0.69,0.75,0.8,0.77,543.0,1690.0,-171.0,0.5039,2022-09-16
1190,T,16.74,Put,18.0,2022-09-16,0.0,1.2,1.26,1.32,1.23,1243.0,38542.0,-399.0,1.1614,2022-09-16
1145,TCOM,25.13,Call,25.0,2022-09-16,0.0,0.0,0.25,0.5,0.3,1747.0,14816.0,-551.0,0.43920000000000003,2022-09-16
209,TCRT,2.5,Call,2.0,2022-09-16,0.0,0.45,0.5,0.55,0.5,2367.0,1591.0,1591.0,4.5888,2022-09-16
1563,TEVA,8.81,Put,9.0,2022-09-16,0.0,0.16,0.21,0.25,0.2,876.0,26748.0,-68.0,0.35840000000000005,2022-09-16
1806,TGT,164.09,Put,165.0,2022-09-16,0.0,0.51,0.78,1.05,0.7,1736.0,2591.0,-22.0,0.134,2022-09-16
1848,TH,13.59,Call,12.5,2022-09-16,0.0,1.0,1.08,1.15,0.8,1017.0,3279.0,-19.0,1.4025999999999998,2022-09-16
1116,TLRY,3.19,Call,3.0,2022-09-16,0.0,0.17,0.21,0.24,0.17,1014.0,5449.0,-780.0,1.9039,2022-09-16
1887,TMUS,139.95,Call,140.0,2022-09-16,0.0,0.0,0.15,0.3,0.18,2165.0,3432.0,-16.0,0.0689,2022-09-16
1405,TSLA,303.35,Call,166.67,2022-09-16,0.0,134.25,136.23,138.2,136.37,678.0,39413.0,-132.0,6.8501,2022-09-16
1476,TSLA,303.35,Call,203.33,2022-09-16,0.0,97.7,99.78,101.85,98.1,721.0,3073.0,-96.0,5.0645,2022-09-16
1416,TSLA,303.35,Call,250.0,2022-09-16,0.0,52.7,53.23,53.75,53.25,915.0,35272.0,-126.0,2.0339,2022-09-16
1580,TSLA,303.35,Call,260.0,2022-09-16,0.0,42.4,43.55,44.7,43.0,778.0,15220.0,-62.0,2.2087,2022-09-16
1338,TSLA,303.35,Call,266.67,2022-09-16,0.0,35.6,36.45,37.3,36.62,844.0,35387.0,-176.0,1.5925,2022-09-16
1534,TSLA,303.35,Call,270.0,2022-09-16,0.0,31.75,32.78,33.8,33.3,540.0,9747.0,-75.0,1.3695,2022-09-16
1256,TSLA,303.35,Call,275.0,2022-09-16,0.0,27.0,27.85,28.7,28.26,840.0,3900.0,-271.0,1.1305,2022-09-16
1589,TSLA,303.35,Call,276.67,2022-09-16,0.0,26.0,26.55,27.1,25.05,803.0,5934.0,-60.0,1.1169,2022-09-16
1214,TSLA,303.35,Call,280.0,2022-09-16,0.0,23.05,23.4,23.75,23.42,1685.0,7388.0,-337.0,0.7020000000000001,2022-09-16
1383,TSLA,303.35,Call,283.33,2022-09-16,0.0,19.25,19.85,20.45,20.0,887.0,13497.0,-146.0,0.8870999999999999,2022-09-16
1213,TSLA,303.35,Call,285.0,2022-09-16,0.0,17.95,18.4,18.85,18.12,1372.0,5960.0,-337.0,0.8591,2022-09-16
1445,TSLA,303.35,Call,286.67,2022-09-16,0.0,16.05,16.6,17.15,16.7,823.0,4916.0,-111.0,0.36060000000000003,2022-09-16
1789,TSLA,303.35,Call,288.33,2022-09-16,0.0,14.5,14.93,15.35,15.12,567.0,2025.0,-25.0,0.5092,2022-09-16
1079,TSLA,303.35,Call,290.0,2022-09-16,0.0,13.05,13.38,13.7,13.35,5231.0,8392.0,-1049.0,0.6114999999999999,2022-09-16
1608,TSLA,303.35,Call,290.83,2022-09-16,0.0,11.75,12.33,12.9,12.4,1192.0,2779.0,-55.0,0.5943,2022-09-16
1691,TSLA,303.35,Call,291.67,2022-09-16,0.0,11.15,11.55,11.95,11.32,729.0,2071.0,-39.0,0.5158,2022-09-16
1115,TSLA,303.35,Call,292.5,2022-09-16,0.0,9.95,10.55,11.15,10.15,2103.0,2820.0,-788.0,0.5002,2022-09-16
1385,TSLA,303.35,Call,293.33,2022-09-16,0.0,9.55,9.9,10.25,9.8,3899.0,6309.0,-145.0,0.4393,2022-09-16
1594,TSLA,303.35,Call,294.17,2022-09-16,0.0,8.15,8.85,9.55,7.3,2367.0,2527.0,-59.0,0.4667,2022-09-16
1043,TSLA,303.35,Call,295.0,2022-09-16,0.0,7.65,8.3,8.95,8.35,21344.0,10621.0,-1818.0,0.5065999999999999,2022-09-16
1228,TSLA,303.35,Call,295.83,2022-09-16,0.0,6.65,7.28,7.9,6.85,6535.0,2957.0,-308.0,0.4065,2022-09-16
1205,TSLA,303.35,Call,296.67,2022-09-16,0.0,6.15,6.7,7.25,6.73,29608.0,3541.0,-355.0,0.2182,2022-09-16
1092,TSLA,303.35,Call,298.33,2022-09-16,0.0,4.2,4.83,5.45,4.99,76184.0,4716.0,-972.0,0.3201,2022-09-16
1009,TSLA,303.35,Call,300.0,2022-09-16,0.0,3.2,3.48,3.75,3.34,243359.0,34198.0,-6880.0,0.24,2022-09-16
1100,TSLA,303.35,Call,301.67,2022-09-16,0.0,0.98,1.4,1.82,1.5,84953.0,9620.0,-934.0,0.1025,2022-09-16
60,TSLA,303.35,Put,303.33,2022-09-16,0.0,0.02,0.16,0.3,0.2,10939.0,9645.0,4350.0,0.0346,2022-09-16
53,TSLA,303.35,Put,305.0,2022-09-16,0.0,1.5,2.19,2.87,1.75,10612.0,10331.0,4857.0,0.09759999999999999,2022-09-16
475,TSLA,303.35,Put,306.67,2022-09-16,0.0,2.94,3.5,4.05,2.35,1127.0,6360.0,763.0,0.18469999999999998,2022-09-16
368,TSLA,303.35,Put,310.0,2022-09-16,0.0,6.5,6.75,7.0,6.55,3600.0,4764.0,975.0,0.3642,2022-09-16
1827,TSLA,303.35,Put,313.33,2022-09-16,0.0,9.45,10.83,12.2,9.88,581.0,2092.0,-20.0,0.9287000000000001,2022-09-16
1302,TSM,77.89,Put,80.0,2022-09-16,0.0,2.01,2.2,2.39,2.2,1903.0,11069.0,-212.0,0.41869999999999996,2022-09-16
1732,TTD,61.89,Call,55.0,2022-09-16,0.0,6.75,6.9,7.05,6.66,672.0,1084.0,-33.0,0.9268000000000001,2022-09-16
723,TTWO,124.19,Put,127.0,2022-09-16,0.0,2.35,2.73,3.1,4.3,652.0,567.0,518.0,0.4679,2022-09-16
1890,TWTR,41.45,Call,40.0,2022-09-16,0.0,1.33,1.45,1.56,1.41,4038.0,25997.0,-16.0,0.6595,2022-09-16
1411,TWTR,41.45,Call,41.0,2022-09-16,0.0,0.35,0.4,0.44,0.45,1750.0,15868.0,-129.0,0.0,2022-09-16
1157,TWTR,41.45,Put,41.5,2022-09-16,0.0,0.07,0.14,0.21,0.11,3196.0,2750.0,-492.0,0.0977,2022-09-16
1044,TWTR,41.45,Put,42.0,2022-09-16,0.0,0.52,0.6,0.68,0.6,3724.0,11481.0,-1815.0,0.2648,2022-09-16
1908,TWTR,41.45,Put,43.0,2022-09-16,0.0,1.5,1.61,1.72,1.6,651.0,2617.0,-14.0,0.537,2022-09-16
1274,TXG,30.68,Put,40.0,2022-09-16,0.0,9.0,9.7,10.4,8.95,1004.0,2081.0,-244.0,4.1055,2022-09-16
300,TXN,165.26,Call,165.0,2022-09-16,0.0,0.04,0.28,0.51,0.37,899.0,2857.0,1134.0,0.0634,2022-09-16
1346,U,35.54,Put,40.0,2022-09-16,0.0,4.3,4.45,4.6,4.6,552.0,2391.0,-171.0,1.7068,2022-09-16
1389,UAL,37.48,Call,37.0,2022-09-16,0.0,0.44,0.5,0.56,0.35,3502.0,6869.0,-143.0,0.1941,2022-09-16
1413,UAL,37.48,Put,38.0,2022-09-16,0.0,0.44,0.5,0.56,0.5,864.0,12409.0,-129.0,0.2615,2022-09-16
1291,UAL,37.48,Put,40.0,2022-09-16,0.0,2.46,2.51,2.56,2.57,1102.0,17336.0,-228.0,0.8048000000000001,2022-09-16
1182,UBER,31.93,Call,30.0,2022-09-16,0.0,1.85,1.92,1.98,1.94,1023.0,22276.0,-420.0,0.5993999999999999,2022-09-16
1585,UBER,31.93,Call,31.0,2022-09-16,0.0,0.86,0.92,0.98,0.94,4104.0,6393.0,-60.0,0.32159999999999994,2022-09-16
1862,UBER,31.93,Call,31.5,2022-09-16,0.0,0.4,0.44,0.47,0.42,10110.0,6364.0,-18.0,0.2672,2022-09-16
1235,UBER,31.93,Put,32.5,2022-09-16,0.0,0.52,0.57,0.61,0.55,704.0,18277.0,-303.0,0.3251,2022-09-16
1450,UNM,40.02,Call,40.0,2022-09-16,0.0,0.05,0.1,0.15,0.1,1647.0,2923.0,-108.0,0.10859999999999999,2022-09-16
1685,UPLD,9.38,Put,10.0,2022-09-16,0.0,0.55,1.0,1.45,0.8,2335.0,6600.0,-40.0,2.0903,2022-09-16
1268,UPS,176.71,Put,180.0,2022-09-16,0.0,2.6,3.65,4.7,2.91,1440.0,2395.0,-254.0,0.7424,2022-09-16
1280,V,193.3,Put,195.0,2022-09-16,0.0,1.42,1.73,2.04,1.66,574.0,3751.0,-233.0,0.2402,2022-09-16
1546,V,193.3,Put,200.0,2022-09-16,0.0,6.35,6.63,6.9,6.7,647.0,3767.0,-73.0,0.2349,2022-09-16
1339,VET,23.13,Put,25.0,2022-09-16,0.0,1.8,1.92,2.05,1.95,515.0,2717.0,-175.0,1.2192,2022-09-16
1060,VLO,104.46,Call,100.0,2022-09-16,0.0,4.2,4.48,4.75,4.55,1719.0,3569.0,-1376.0,0.5679,2022-09-16
1936,VLO,104.46,Put,114.0,2022-09-16,0.0,9.35,9.63,9.9,10.51,6039.0,6389.0,-12.0,0.9481999999999999,2022-09-16
1180,VTNR,6.91,Put,7.5,2022-09-16,0.0,0.55,0.6,0.65,0.62,539.0,3789.0,-423.0,1.3513,2022-09-16
600,VZ,41.25,Call,41.0,2022-09-16,0.0,0.09,0.22,0.36,0.3,682.0,1678.0,625.0,0.16940000000000002,2022-09-16
1823,VZ,41.25,Put,42.0,2022-09-16,0.0,0.67,0.73,0.79,0.68,2515.0,4399.0,-20.0,0.2921,2022-09-16
1857,VZIO,11.28,Call,11.0,2022-09-16,0.0,0.15,0.3,0.45,0.5,525.0,1143.0,-18.0,0.4549,2022-09-16
1552,W,45.2,Put,45.0,2022-09-16,0.0,0.0,0.05,0.1,0.1,2735.0,5343.0,-72.0,0.1966,2022-09-16
1889,WBA,34.27,Put,35.5,2022-09-16,0.0,1.16,1.23,1.3,1.29,2672.0,4040.0,-16.0,0.5656,2022-09-16
1054,WBD,12.74,Put,13.0,2022-09-16,0.0,0.22,0.26,0.3,0.25,824.0,10243.0,-1459.0,0.4936,2022-09-16
1456,WFC,43.94,Call,40.0,2022-09-16,0.0,3.9,3.97,4.05,3.91,1671.0,3783.0,-106.0,1.3136,2022-09-16
1512,WFC,43.94,Call,43.5,2022-09-16,0.0,0.38,0.46,0.53,0.47,774.0,4610.0,-82.0,0.1818,2022-09-16
1855,WHR,145.06,Put,155.0,2022-09-16,0.0,8.1,9.2,10.3,10.1,1405.0,2930.0,-18.0,0.8058,2022-09-16
1588,WMT,133.19,Call,130.0,2022-09-16,0.0,2.92,3.26,3.6,3.56,718.0,5218.0,-60.0,0.5251,2022-09-16
1071,WMT,133.19,Call,132.0,2022-09-16,0.0,0.85,1.32,1.79,1.71,835.0,323.0,-1157.0,0.365,2022-09-16
780,WMT,133.19,Call,133.0,2022-09-16,0.0,0.19,0.24,0.29,0.14,1063.0,1182.0,472.0,0.0435,2022-09-16
1611,WMT,133.19,Put,134.0,2022-09-16,0.0,0.42,0.84,1.26,0.85,1934.0,1843.0,-55.0,0.1,2022-09-16
1030,WMT,133.19,Put,135.0,2022-09-16,0.0,1.27,1.71,2.14,1.95,549.0,6487.0,-2675.0,0.25429999999999997,2022-09-16
1973,WPM,32.1,Call,32.0,2022-09-16,0.0,0.05,0.13,0.2,0.15,1109.0,447.0,-10.0,0.13720000000000002,2022-09-16
1998,X,20.14,Put,21.0,2022-09-16,0.0,0.83,0.88,0.93,0.91,758.0,3779.0,-9.0,0.7181000000000001,2022-09-16
1670,X,20.14,Put,23.0,2022-09-16,0.0,2.84,2.89,2.94,2.92,573.0,3495.0,-43.0,1.7364,2022-09-16
1295,XOM,93.21,Call,90.0,2022-09-16,0.0,3.05,3.4,3.75,3.45,1591.0,9728.0,-217.0,0.6524,2022-09-16
1593,XOM,93.21,Call,92.5,2022-09-16,0.0,0.47,0.77,1.06,1.03,9310.0,21054.0,-59.0,0.31829999999999997,2022-09-16
1229,XOM,93.21,Put,94.0,2022-09-16,0.0,0.45,0.65,0.84,0.68,4331.0,4541.0,-306.0,0.1457,2022-09-16
965,ZIM,29.53,Put,30.0,2022-09-16,0.0,0.35,0.5,0.65,0.5,1725.0,4211.0,369.0,0.5486,2022-09-16
1162,ZIM,29.53,Put,33.0,2022-09-16,0.0,3.3,3.5,3.7,3.75,1099.0,2558.0,-482.0,1.8939,2022-09-16
1922,ZIM,29.53,Put,45.0,2022-09-16,0.0,15.3,15.5,15.7,15.68,1017.0,3072.0,-13.0,4.8377,2022-09-16
1750,ZS,169.49,Put,170.0,2022-09-16,0.0,0.28,0.78,1.27,0.27,965.0,1415.0,-31.0,0.1375,2022-09-16
>>>>>>> connor
