Symbol,Price,Type,Strike,"Exp Date",DTE,Bid,Midpoint,Ask,Last,Volume,"Open Int","OI Chg",IV,Time
GOOGL,100.14,Call,110,2022-09-30,8,0.13,0.14,0.15,0.15,17026,37566,"+33,439",39.87%,2022-09-22
NKLA,4.08,Put,4,2022-09-30,8,0.15,0.16,0.18,0.21,1859,22059,"+19,303",85.28%,2022-09-22
CHPT,15.34,Put,15,2022-09-30,8,0.57,0.59,0.6,0.6,1459,16106,"+15,730",85.01%,2022-09-22
BABA,80.71,Call,100,2022-11-18,57,1.66,1.7,1.74,1.68,1273,25192,"+15,369",54.54%,2022-09-22
SIRI,5.87,Put,8,2022-11-18,57,2.1,2.28,2.45,2.27,6000,14431,"+14,431",74.71%,2022-09-22
TSLA,288.59,Put,200,2023-09-15,358,23,23.43,23.85,23.35,1307,23986,"+14,109",63.98%,2022-09-22
TSLA,288.59,Put,250,2022-11-18,57,11.95,12.08,12.2,12,2918,33806,"+11,297",64.77%,2022-09-22
ONON,17.35,Put,15,2023-04-21,211,1.9,1.97,2.05,1.97,1647,11394,"+11,193",64.80%,2022-09-22
AAPL,152.74,Call,155,2022-11-18,57,7.9,7.95,8,7.9,9520,56576,"+11,158",36.23%,2022-09-22
NU,4.98,Call,6,2022-11-18,57,0.25,0.3,0.35,0.33,2264,31996,"+10,920",84.13%,2022-09-22
AAPL,152.74,Put,145,2022-10-28,36,4.15,4.2,4.25,4.04,525,15923,"+10,703",40.47%,2022-09-22
TSLA,288.59,Put,200,2023-01-20,120,8.45,8.55,8.65,8.35,1167,52518,"+10,321",69.08%,2022-09-22
NKLA,4.08,Call,5,2022-11-18,57,0.29,0.31,0.33,0.31,538,10563,"+10,064",94.02%,2022-09-22
NCLH,14.39,Put,10,2023-01-20,120,0.65,0.67,0.68,0.67,541,29989,"+10,054",82.02%,2022-09-22
LAZR,7.86,Put,8.5,2022-09-30,8,0.84,0.92,0.99,0.97,10311,10180,"+10,028",124.22%,2022-09-22
RADI,12.11,Call,15,2023-05-19,239,0.95,1.03,1.1,1.05,13941,10000,"+10,000",48.40%,2022-09-22
RADI,12.11,Call,20,2023-12-15,449,0.25,0.43,0.6,0.4,14013,10000,"+10,000",36.40%,2022-09-22
ET,11.32,Call,12,2022-11-18,57,0.35,0.36,0.37,0.37,4136,11173,"+9,731",37.36%,2022-09-22
C,45.58,Call,50,2022-10-21,29,0.47,0.49,0.51,0.52,1789,53927,"+9,324",36.79%,2022-09-22
AAPL,152.74,Call,160,2022-09-30,8,0.7,0.71,0.72,0.7,33088,26132,"+8,696",32.86%,2022-09-22
TSLA,288.59,Call,330,2022-10-07,15,1.55,1.58,1.6,1.6,5265,39867,"+8,518",52.00%,2022-09-22
XOM,90.57,Call,100,2022-11-18,57,1.7,1.78,1.86,1.84,728,15668,"+7,205",35.51%,2022-09-22
RIG,2.55,Call,3,2022-10-21,29,0.1,0.12,0.13,0.12,1025,19867,"+6,846",93.36%,2022-09-22
SE,54.98,Put,45,2022-12-16,85,3.25,3.35,3.45,3.35,2376,6915,"+6,506",77.37%,2022-09-22
AAPL,152.74,Put,145,2022-11-18,57,5.6,5.65,5.7,5.53,8957,26355,"+6,468",39.11%,2022-09-22
KO,59.26,Call,60,2022-10-21,29,1.16,1.19,1.23,1.21,820,11738,"+6,172",23.34%,2022-09-22
AAL,12.71,Call,14,2022-11-18,57,0.74,0.75,0.76,0.78,4436,20366,"+6,061",60.77%,2022-09-22
MTCH,48.56,Call,55,2022-09-30,8,0.22,0.24,0.26,0.22,9915,6217,"+6,052",64.11%,2022-09-22
BAC,32.5,Call,30,2023-09-15,358,5.85,5.93,6,6.05,3001,10346,"+5,999",36.82%,2022-09-22
PLTK,10.91,Put,15,2022-10-21,29,4.2,4.3,4.4,4.8,29119,37620,"+5,932",99.55%,2022-09-22
TWTR,41.4,Put,37,2022-10-21,29,1.7,1.75,1.79,1.68,4872,15586,"+5,827",80.57%,2022-09-22
AAPL,152.74,Put,150,2022-09-23,1,0.38,0.39,0.39,0.38,143692,39525,"+5,743",41.90%,2022-09-22
MPW,12.91,Put,13,2022-11-18,57,0.9,0.95,1,0.94,619,20074,"+5,684",41.11%,2022-09-22
TSLA,288.59,Call,310,2022-10-21,29,9.65,9.78,9.9,9.95,2497,11533,"+5,623",54.62%,2022-09-22
C,45.58,Put,55,2024-01-19,484,12.1,12.35,12.6,12.26,711,57103,"+5,550",30.30%,2022-09-22
F,12.77,Put,13,2023-03-17,176,1.81,1.83,1.84,1.78,803,15209,"+5,499",47.89%,2022-09-22
CHPT,15.34,Put,16,2022-09-30,8,1.1,1.12,1.14,1.18,630,5500,"+5,183",80.97%,2022-09-22
CHPT,15.34,Call,17,2022-09-30,8,0.2,0.21,0.22,0.2,699,5664,"+5,178",79.22%,2022-09-22
TCDA,8.84,Call,25,2022-11-18,57,1.3,1.43,1.55,1.39,8634,12522,"+5,101",278.91%,2022-09-22
TSLA,288.59,Put,310,2022-10-21,29,30.35,30.55,30.75,29.45,1172,9247,"+5,046",54.20%,2022-09-22
TCDA,8.84,Call,12.5,2022-11-18,57,3.8,3.95,4.1,3.7,800,13186,"+5,035",364.25%,2022-09-22
TLRY,2.8,Call,20,2024-01-19,484,0.25,0.29,0.33,0.33,2064,24766,"+5,008",120.62%,2022-09-22
MPW,12.91,Put,10,2023-01-20,120,0.45,0.48,0.5,0.5,10763,24180,"+4,948",57.43%,2022-09-22
INTC,28.07,Put,22.5,2023-01-20,120,0.73,0.74,0.75,0.73,1384,14995,"+4,647",45.30%,2022-09-22
AMZN,117.31,Call,117,2022-09-23,1,1.17,1.29,1.41,1.33,21500,6276,"+4,606",47.60%,2022-09-22
KO,59.26,Call,62.5,2022-10-21,29,0.36,0.38,0.39,0.39,827,52628,"+4,504",21.72%,2022-09-22
AAPL,152.74,Put,150,2022-09-30,8,2.14,2.16,2.18,2.18,81816,21447,"+4,386",37.99%,2022-09-22
TSLA,288.59,Put,300,2022-09-23,1,11.35,11.6,11.85,11.45,63424,32331,"+4,328",37.34%,2022-09-22
AAPL,152.74,Put,145,2022-10-07,15,1.8,1.82,1.84,1.81,11707,7359,"+4,169",39.33%,2022-09-22
AAPL,152.74,Put,155,2022-11-18,57,9.65,9.7,9.75,9.53,13841,34155,"+4,113",36.16%,2022-09-22
GOOGL,100.14,Call,106,2022-09-30,8,0.44,0.45,0.47,0.49,1815,6100,"+4,058",37.29%,2022-09-22
PLTK,10.91,Call,15,2022-10-21,29,0.1,0.13,0.15,0.15,29111,34406,"+4,033",87.83%,2022-09-22
BHVN,151.2,Put,145,2023-12-15,449,0.05,0.08,0.1,0.1,931,8092,"+3,945",4.21%,2022-09-22
UAL,34.45,Call,38,2022-09-30,8,0.15,0.16,0.16,0.16,4250,4411,"+3,942",54.44%,2022-09-22
PINS,23.21,Call,30,2022-11-18,57,1.16,1.27,1.37,1.33,4308,11148,"+3,867",90.83%,2022-09-22
T,16.24,Put,16.5,2022-09-30,8,0.36,0.38,0.4,0.37,3960,6457,"+3,787",21.08%,2022-09-22
NVDA,125.61,Call,180,2022-11-18,57,0.61,0.63,0.64,0.67,15326,19400,"+3,698",53.90%,2022-09-22
BABA,80.71,Put,75,2022-09-30,8,0.55,0.57,0.59,0.58,2353,6528,"+3,678",53.41%,2022-09-22
GSK,30.01,Call,32,2022-10-21,29,0.3,0.35,0.4,0.4,2571,4456,"+3,541",32.89%,2022-09-22
BHVN,151.2,Put,145,2022-12-16,85,0,0.05,0.1,0.1,4414,3570,"+3,475",6.12%,2022-09-22
PLTR,7.37,Put,7,2023-02-17,148,1,1.02,1.04,1.03,1009,6413,"+3,397",69.01%,2022-09-22
NIO,18.35,Call,19,2022-09-30,8,0.5,0.51,0.52,0.5,3935,4198,"+3,291",70.65%,2022-09-22
CRM,150.15,Call,155,2022-09-23,1,0.17,0.21,0.25,0.2,10133,4785,"+3,202",48.77%,2022-09-22
C,45.58,Put,45.5,2022-09-23,1,0.34,0.37,0.39,0.39,9462,3734,"+3,161",44.98%,2022-09-22
NKE,98.55,Put,95,2022-12-16,85,6.05,6.13,6.2,6.15,707,7513,"+3,138",42.69%,2022-09-22
FRPT,45.47,Put,35,2022-10-21,29,0.55,0.73,0.9,0.9,551,5933,"+3,052",94.56%,2022-09-22
RIG,2.55,Call,2,2025-01-17,848,1.34,1.44,1.54,1.45,1013,6277,"+3,028",85.00%,2022-09-22
KR,45.5,Put,46,2022-09-23,1,0.59,0.63,0.67,0.55,3071,3573,"+3,012",33.48%,2022-09-22
BABA,80.71,Call,75,2023-01-20,120,13.3,13.4,13.5,13.62,3012,3456,"+3,001",55.56%,2022-09-22
AAPL,152.74,Call,170,2022-10-21,29,0.76,0.77,0.78,0.76,4787,68126,"+2,942",30.84%,2022-09-22
CMCSA,32.47,Call,40,2024-01-19,484,2.3,2.48,2.66,2.53,2544,8811,"+2,929",33.32%,2022-09-22
FREY,15.37,Call,16,2022-10-21,29,1.05,1.1,1.15,1.13,4312,3618,"+2,912",80.19%,2022-09-22
AMZN,117.31,Call,145,2022-10-21,29,0.17,0.19,0.2,0.19,2564,27682,"+2,904",40.43%,2022-09-22
DRIO,4,Call,7.5,2022-12-16,85,0.25,0.35,0.45,0.35,587,6144,"+2,852",140.95%,2022-09-22
CCL,9.64,Put,9.5,2022-09-23,1,0.1,0.11,0.12,0.1,5921,6285,"+2,828",80.37%,2022-09-22
LYFT,14.69,Put,16.5,2022-09-23,1,1.77,1.84,1.9,1.62,6807,9009,"+2,803",138.14%,2022-09-22
BABA,80.71,Put,75,2023-01-20,120,6.5,6.6,6.7,6.55,3095,10065,"+2,782",53.34%,2022-09-22
AAPL,152.74,Call,162.5,2022-09-30,8,0.35,0.36,0.37,0.38,7195,9485,"+2,720",32.49%,2022-09-22
BAC,32.5,Put,33.5,2022-09-23,1,0.93,1.03,1.13,0.79,908,9179,"+2,709",42.72%,2022-09-22
META,142.82,Call,150,2022-09-23,1,0.09,0.1,0.1,0.1,25430,14605,"+2,689",57.99%,2022-09-22
NIO,18.35,Call,18.5,2022-09-23,1,0.23,0.24,0.25,0.24,10752,3884,"+2,664",80.25%,2022-09-22
TCRT,1.88,Call,3,2022-10-21,29,0.1,0.15,0.2,0.1,2692,3583,"+2,662",171.10%,2022-09-22
BBBY,7.09,Put,5,2024-01-19,484,2.55,2.61,2.66,2.62,2107,16418,"+2,654",153.53%,2022-09-22
GOOGL,100.14,Call,110,2022-10-21,29,0.89,0.91,0.93,0.95,2791,43889,"+2,649",34.11%,2022-09-22
BAC,32.5,Call,35,2023-01-20,120,1.51,1.52,1.53,1.6,1570,84829,"+2,597",33.31%,2022-09-22
AAPL,152.74,Call,157.5,2022-09-23,1,0.09,0.1,0.1,0.1,45250,36342,"+2,580",39.69%,2022-09-22
INTC,28.07,Call,32.5,2022-10-21,29,0.12,0.13,0.13,0.13,882,33585,"+2,542",38.62%,2022-09-22
T,16.24,Call,17,2022-10-21,29,0.18,0.19,0.19,0.18,2108,17173,"+2,539",25.75%,2022-09-22
TSLA,288.59,Call,333.33,2023-06-16,267,41.75,42.45,43.15,42.75,3250,40289,"+2,532",56.87%,2022-09-22
TELL,2.77,Call,6,2023-03-17,176,0.1,0.15,0.2,0.15,2610,2530,"+2,530",93.03%,2022-09-22
TSLA,288.59,Call,310,2022-09-30,8,1.51,1.55,1.59,1.54,15676,7833,"+2,528",45.80%,2022-09-22
F,12.77,Put,13.5,2022-09-30,8,0.81,0.83,0.85,0.84,2105,6193,"+2,521",46.24%,2022-09-22
GOOGL,100.14,Call,108,2022-09-30,8,0.23,0.25,0.26,0.26,1486,3261,"+2,392",38.49%,2022-09-22
CLNN,2.85,Put,1,2022-10-21,29,0.1,0.13,0.15,0.11,546,48590,"+2,351",346.35%,2022-09-22
TLRY,2.8,Call,3,2022-10-21,29,0.22,0.23,0.23,0.22,3019,8457,"+2,331",94.70%,2022-09-22
AAPL,152.74,Call,155,2022-10-28,36,6.25,6.3,6.35,6.55,1428,3238,"+2,316",37.61%,2022-09-22
AAPL,152.74,Call,157.5,2022-09-30,8,1.28,1.3,1.32,1.3,11038,8114,"+2,310",33.85%,2022-09-22
AAL,12.71,Put,13,2022-09-30,8,0.58,0.6,0.61,0.59,867,3928,"+2,308",57.08%,2022-09-22
AMZN,117.31,Put,112,2022-10-21,29,3.35,3.4,3.45,3.34,759,2848,"+2,302",44.55%,2022-09-22
FCX,28.35,Call,30,2022-10-21,29,1.2,1.23,1.26,1.28,694,12890,"+2,288",59.06%,2022-09-22
TSLA,288.59,Call,320,2022-09-30,8,0.62,0.63,0.63,0.66,12123,14453,"+2,264",46.54%,2022-09-22
DVN,63.12,Call,75,2023-01-20,120,3.25,3.35,3.45,3.4,921,13681,"+2,264",49.90%,2022-09-22
TSLA,288.59,Call,380,2022-12-16,85,5.95,6.05,6.15,6,1006,3465,"+2,227",52.08%,2022-09-22
FREY,15.37,Call,15,2022-10-21,29,1.5,1.53,1.55,1.55,3003,3362,"+2,215",78.82%,2022-09-22
GSK,30.01,Call,31,2022-10-21,29,0.65,0.68,0.7,0.7,6572,3048,"+2,189",33.56%,2022-09-22
AVCT,0.3118,Call,0.5,2022-10-21,29,0.1,0.13,0.15,0.1,20616,24296,"+2,183",421.55%,2022-09-22
F,12.77,Put,10,2025-01-17,848,1.85,1.93,2,1.9,10016,8012,"+2,176",47.66%,2022-09-22
ET,11.32,Put,11.5,2022-09-30,8,0.32,0.33,0.35,0.32,1858,6152,"+2,168",31.17%,2022-09-22
SOFI,5.36,Put,5.5,2022-09-23,1,0.17,0.18,0.19,0.17,7788,12388,"+2,162",72.22%,2022-09-22
GOOG,100.57,Call,110,2022-09-30,8,0.15,0.18,0.2,0.15,1655,3700,"+2,154",38.40%,2022-09-22
DNA,2.95,Call,3,2022-10-21,29,0.25,0.28,0.3,0.3,761,8421,"+2,125",96.56%,2022-09-22
MSFT,240.98,Put,215,2022-09-30,8,0.26,0.27,0.28,0.27,626,2738,"+2,123",45.11%,2022-09-22
TSLA,288.59,Call,325,2022-09-30,8,0.4,0.42,0.43,0.44,7925,7724,"+2,116",47.59%,2022-09-22
NCLH,14.39,Put,15,2022-09-23,1,0.64,0.67,0.7,0.65,3228,5162,"+2,114",73.65%,2022-09-22
XPEV,13.74,Call,15,2022-10-21,29,0.74,0.76,0.77,0.77,887,3034,"+2,113",80.37%,2022-09-22
PARA,20.87,Call,25,2022-10-21,29,0.17,0.18,0.18,0.17,1155,17305,"+2,108",51.88%,2022-09-22
AAPL,152.74,Put,133,2022-10-21,29,1.07,1.08,1.09,1,764,2190,"+2,086",43.17%,2022-09-22
C,45.58,Put,46.5,2022-09-23,1,0.99,1.06,1.13,0.75,3289,3599,"+2,076",47.71%,2022-09-22
F,12.77,Put,13,2022-09-23,1,0.28,0.29,0.29,0.28,13538,10501,"+2,043",49.91%,2022-09-22
SOFI,5.36,Put,6,2022-09-23,1,0.61,0.64,0.66,0.6,1318,13592,"+2,019",161.50%,2022-09-22
META,142.82,Call,130,2023-01-20,120,24.1,24.18,24.25,24.5,2033,2413,"+2,009",52.01%,2022-09-22
AAPL,152.74,Put,152.5,2022-09-23,1,1.16,1.17,1.17,1.16,92362,22974,"+1,982",40.15%,2022-09-22
TSLA,288.59,Put,250,2022-10-28,36,7.75,7.93,8.1,7.9,1324,8586,"+1,966",66.11%,2022-09-22
SNAP,10.46,Call,15,2023-01-20,120,0.57,0.59,0.6,0.6,527,21749,"+1,964",73.95%,2022-09-22
AAPL,152.74,Call,175,2022-10-28,36,0.73,0.75,0.77,0.8,1849,4344,"+1,958",32.66%,2022-09-22
NIO,18.35,Call,20,2022-09-30,8,0.24,0.25,0.25,0.25,4303,4538,"+1,955",72.74%,2022-09-22
NIO,18.35,Call,18.5,2022-09-30,8,0.71,0.72,0.72,0.71,4235,2608,"+1,931",71.57%,2022-09-22
AMZN,117.31,Call,135,2022-10-21,29,0.67,0.69,0.7,0.71,4831,44863,"+1,928",39.03%,2022-09-22
NVDA,125.61,Put,120,2022-09-23,1,0.25,0.26,0.26,0.25,13478,12829,"+1,880",71.81%,2022-09-22
INTC,28.07,Call,30,2022-11-18,57,1,1.02,1.03,1.03,1579,12353,"+1,874",41.07%,2022-09-22
MSFT,240.98,Call,245,2022-09-23,1,0.47,0.49,0.51,0.5,21486,6478,"+1,863",36.57%,2022-09-22
PLUG,23.94,Call,26.5,2022-09-30,8,0.26,0.27,0.28,0.28,1431,2238,"+1,797",75.48%,2022-09-22
CCL,9.64,Put,10.5,2022-09-23,1,0.84,0.87,0.9,0.87,3991,5645,"+1,788",98.39%,2022-09-22
AAL,12.71,Put,12.5,2022-09-30,8,0.34,0.35,0.35,0.34,4098,3384,"+1,787",59.07%,2022-09-22
TSLA,288.59,Put,300,2022-10-21,29,24.2,24.38,24.55,24,6246,34802,"+1,777",55.69%,2022-09-22
NVDA,125.61,Put,131,2022-09-23,1,5.35,5.53,5.7,5.4,2928,4069,"+1,774",37.36%,2022-09-22
BTU,21.96,Put,22,2022-10-21,29,1.9,1.95,2,1.96,610,3613,"+1,771",79.45%,2022-09-22
OXY,61.88,Call,75,2022-10-21,29,0.33,0.35,0.37,0.34,757,13720,"+1,763",48.42%,2022-09-22
DVN,63.12,Call,80,2022-10-21,29,0.21,0.22,0.24,0.24,548,35264,"+1,758",52.20%,2022-09-22
NIO,18.35,Put,20,2022-10-21,29,2.41,2.44,2.46,2.41,1894,17502,"+1,758",67.91%,2022-09-22
GOOGL,100.14,Call,100,2022-09-30,8,2.34,2.38,2.42,2.35,5730,2208,"+1,735",38.14%,2022-09-22
BYND,15.25,Put,12.5,2022-10-21,29,0.67,0.69,0.7,0.78,892,10948,"+1,734",111.71%,2022-09-22
MARA,10.52,Call,17.5,2022-11-18,57,0.5,0.53,0.55,0.5,2094,2563,"+1,734",123.03%,2022-09-22
FCX,28.35,Put,29,2022-09-23,1,0.8,0.84,0.87,0.73,3089,2998,"+1,730",72.77%,2022-09-22
XPEV,13.74,Call,14,2022-09-23,1,0.16,0.18,0.19,0.18,4737,3062,"+1,708",100.64%,2022-09-22
CRM,150.15,Call,150,2022-09-23,1,1.43,1.59,1.74,1.6,3535,2140,"+1,693",48.47%,2022-09-22
UNIT,7.78,Call,12,2022-11-18,57,0.05,0.08,0.1,0.1,3278,11360,"+1,691",77.75%,2022-09-22
TSLA,288.59,Call,330,2022-09-30,8,0.27,0.29,0.3,0.3,7912,7634,"+1,682",49.36%,2022-09-22
F,12.77,Call,13.5,2022-09-30,8,0.12,0.13,0.13,0.12,25766,27051,"+1,677",48.99%,2022-09-22
AAPL,152.74,Call,172.5,2022-10-21,29,0.52,0.53,0.54,0.61,1976,3755,"+1,672",30.76%,2022-09-22
TSLA,288.59,Put,285,2022-09-23,1,1.65,1.67,1.69,1.65,104650,10708,"+1,670",52.24%,2022-09-22
TCDA,8.84,Put,2.5,2022-11-18,57,0.9,0.93,0.95,0.95,929,11941,"+1,660",453.26%,2022-09-22
VSTO,25.28,Put,30,2022-12-16,85,5.2,5.4,5.6,5.76,1541,5015,"+1,660",46.49%,2022-09-22
TWNK,24.26,Call,25,2022-10-21,29,0.55,0.68,0.8,0.6,1756,2606,"+1,660",32.71%,2022-09-22
AAL,12.71,Call,18,2023-02-17,148,0.42,0.44,0.47,0.43,1456,2579,"+1,659",53.19%,2022-09-22
MARA,10.52,Call,12.5,2022-11-18,57,1.34,1.39,1.44,1.32,1596,2981,"+1,641",124.30%,2022-09-22
HOOD,9.65,Call,12,2023-01-20,120,0.85,0.88,0.91,0.96,590,7234,"+1,639",72.83%,2022-09-22
META,142.82,Put,130,2023-01-20,120,9.75,9.8,9.85,9.39,2099,4972,"+1,639",51.25%,2022-09-22
AAPL,152.74,Call,175,2022-11-18,57,1.49,1.51,1.53,1.57,2234,34620,"+1,636",31.69%,2022-09-22
MARA,10.52,Put,10,2022-09-23,1,0.1,0.12,0.13,0.12,4924,4260,"+1,636",146.64%,2022-09-22
META,142.82,Call,150,2022-09-30,8,1.54,1.55,1.55,1.53,9941,5441,"+1,632",48.24%,2022-09-22
GIS,80.78,Call,80,2022-10-21,29,2.25,2.35,2.45,2.5,2347,4629,"+1,629",21.57%,2022-09-22
CCL,9.64,Put,10,2022-09-23,1,0.39,0.41,0.42,0.39,1317,5880,"+1,628",70.41%,2022-09-22
AAPL,152.74,Put,140,2022-11-18,57,4.2,4.23,4.25,4.25,7013,47398,"+1,616",40.84%,2022-09-22
META,142.82,Call,160,2022-10-21,29,2.12,2.14,2.15,2.15,3168,19625,"+1,611",46.38%,2022-09-22
TWTR,41.4,Put,39.5,2022-09-30,8,0.35,0.38,0.4,0.37,1208,13300,"+1,602",44.63%,2022-09-22
TSLA,288.59,Call,350,2022-10-07,15,0.51,0.54,0.56,0.52,1574,6553,"+1,599",53.31%,2022-09-22
UBER,28.58,Put,30,2022-09-23,1,1.25,1.4,1.55,1.55,1144,4372,"+1,587",96.10%,2022-09-22
AMZN,117.31,Put,115,2022-09-30,8,1.99,2.02,2.05,2.05,14617,8445,"+1,583",45.04%,2022-09-22
AAPL,152.74,Put,160,2022-12-16,85,13.5,13.55,13.6,13.35,3313,42185,"+1,579",32.95%,2022-09-22
DIS,102.16,Put,102,2022-09-23,1,0.8,0.84,0.88,0.71,718,2450,"+1,577",43.19%,2022-09-22
CCL,9.64,Put,9,2022-09-30,8,0.25,0.26,0.27,0.25,3013,3642,"+1,574",92.51%,2022-09-22
NVDA,125.61,Call,140,2022-09-30,8,0.44,0.45,0.46,0.5,7212,5520,"+1,573",54.54%,2022-09-22
WFC,41.52,Call,42.5,2022-11-18,57,1.93,1.98,2.02,2.06,832,6673,"+1,566",36.97%,2022-09-22
AAPL,152.74,Put,160,2022-09-23,1,7.25,7.33,7.4,7.25,2992,10064,"+1,560",59.47%,2022-09-22
MRO,24.59,Put,25,2022-09-23,1,0.53,0.55,0.58,0.55,579,2385,"+1,558",58.38%,2022-09-22
RIVN,33.33,Call,35,2022-09-23,1,0.08,0.09,0.1,0.1,2119,2174,"+1,558",83.76%,2022-09-22
AAPL,152.74,Call,155,2022-10-21,29,5.05,5.1,5.15,5.2,12017,33666,"+1,555",35.12%,2022-09-22
OXY,61.88,Put,62,2022-09-23,1,0.75,0.78,0.8,0.8,3314,2861,"+1,554",57.19%,2022-09-22
FCX,28.35,Put,30,2022-09-23,1,1.65,1.7,1.75,1.52,1645,2380,"+1,544",80.38%,2022-09-22
SHOP,28.57,Put,32,2022-09-23,1,3.35,3.43,3.5,3.35,4196,5931,"+1,541",146.56%,2022-09-22
F,12.77,Put,14,2022-09-30,8,1.23,1.27,1.3,1.28,572,3383,"+1,540",48.42%,2022-09-22
NVDA,125.61,Call,150,2022-09-30,8,0.08,0.09,0.1,0.1,2338,6062,"+1,533",59.48%,2022-09-22
AAPL,152.74,Put,150,2022-10-21,29,4.8,4.82,4.85,4.8,29300,80240,"+1,526",36.19%,2022-09-22
BABA,80.71,Call,84,2022-09-23,1,0.11,0.12,0.13,0.13,3099,2030,"+1,523",60.59%,2022-09-22
MSFT,240.98,Call,265,2022-09-30,8,0.16,0.19,0.22,0.16,1047,4166,"+1,517",34.48%,2022-09-22
UAL,34.45,Call,38.5,2022-09-30,8,0.11,0.11,0.12,0.11,725,1661,"+1,511",53.93%,2022-09-22
FSR,7.95,Call,10,2025-01-17,848,2.8,2.88,2.95,2.95,529,3212,"+1,510",70.86%,2022-09-22
META,142.82,Put,145,2022-10-21,29,8.65,8.73,8.8,8.64,822,6373,"+1,507",47.73%,2022-09-22
DWAC,16.92,Put,10,2023-01-20,120,0.17,0.18,0.18,0.18,2282,16659,"+1,503",66.82%,2022-09-22
AAPL,152.74,Put,145,2022-09-30,8,0.93,0.94,0.95,0.94,15666,17429,"+1,503",40.49%,2022-09-22
SNY,39.13,Put,36,2022-11-18,57,0.65,0.8,0.95,0.9,1252,1500,"+1,500",35.48%,2022-09-22
AXP,143.03,Put,147,2022-10-21,29,8.4,8.93,9.45,7.95,1504,1500,"+1,500",41.87%,2022-09-22
MNTV,5.67,Put,6,2022-11-18,57,0.6,0.77,0.95,0.58,3500,3500,"+1,500",66.40%,2022-09-22
AMC,7.85,Put,8.5,2022-09-23,1,0.66,0.7,0.74,0.72,5890,7711,"+1,498",167.02%,2022-09-22
CSCO,41.15,Put,30,2024-01-19,484,1.65,1.71,1.77,1.69,1202,11226,"+1,492",35.68%,2022-09-22
AAL,12.71,Put,8,2022-11-18,57,0.12,0.13,0.13,0.12,1784,5189,"+1,489",84.04%,2022-09-22
META,142.82,Call,160,2022-11-18,57,5.85,5.93,6,6.45,973,6973,"+1,484",52.58%,2022-09-22
BABA,80.71,Call,90,2022-09-30,8,0.3,0.32,0.33,0.33,2554,3011,"+1,478",56.64%,2022-09-22
AMD,69.5,Put,65,2022-11-18,57,4.1,4.15,4.2,4.15,1326,7969,"+1,463",59.05%,2022-09-22
AMD,69.5,Put,75,2022-11-18,57,9.05,9.15,9.25,8.95,1305,9585,"+1,455",54.43%,2022-09-22
X,19.68,Put,16,2023-04-21,211,1.76,1.79,1.81,1.75,1501,1502,"+1,445",64.06%,2022-09-22
MRK,87.51,Put,80,2022-10-21,29,0.41,0.43,0.45,0.4,501,5135,"+1,438",28.05%,2022-09-22
WDC,33.82,Put,37,2022-09-23,1,3.15,3.2,3.25,3.15,525,1657,"+1,435",118.30%,2022-09-22
AAPL,152.74,Put,152.5,2022-10-21,29,5.8,5.85,5.9,5.8,2532,2218,"+1,433",35.07%,2022-09-22
AMC,7.85,Call,9,2022-09-30,8,0.2,0.21,0.22,0.23,4699,4340,"+1,422",125.41%,2022-09-22
TSLA,288.59,Call,308.33,2022-09-30,8,1.73,1.79,1.84,1.91,3275,2947,"+1,418",45.77%,2022-09-22
GOOGL,100.14,Put,100,2022-10-21,29,3.9,3.95,4,4,2641,17835,"+1,407",36.92%,2022-09-22
AMZN,117.31,Put,117,2022-10-21,29,5.3,5.35,5.4,5.25,915,1914,"+1,392",42.54%,2022-09-22
AAPL,152.74,Call,165,2022-09-30,8,0.18,0.19,0.2,0.19,7309,12802,"+1,392",32.92%,2022-09-22
GIS,80.78,Call,82.5,2022-10-21,29,1.05,1.1,1.15,1.13,1637,3254,"+1,389",20.42%,2022-09-22
NIO,18.35,Put,17.5,2022-09-30,8,0.41,0.42,0.42,0.41,515,1784,"+1,387",72.19%,2022-09-22
BBBY,7.09,Call,7,2022-09-23,1,0.23,0.26,0.28,0.27,11204,3052,"+1,384",150.86%,2022-09-22
DIS,102.16,Put,103,2022-09-23,1,1.34,1.39,1.43,1.24,763,2099,"+1,382",42.37%,2022-09-22
GOOGL,100.14,Call,103,2022-10-14,22,2.31,2.36,2.4,2.47,691,1562,"+1,376",35.71%,2022-09-22
BBBY,7.09,Call,8.5,2022-09-30,8,0.26,0.28,0.3,0.29,1814,2561,"+1,376",175.89%,2022-09-22
META,142.82,Put,140,2022-09-23,1,0.59,0.6,0.61,0.6,22038,17652,"+1,367",55.57%,2022-09-22
F,12.77,Call,20,2023-06-16,267,0.31,0.32,0.33,0.32,1206,20755,"+1,357",43.91%,2022-09-22
TSLA,288.59,Put,275,2022-09-23,1,0.26,0.27,0.28,0.26,19134,14919,"+1,350",61.20%,2022-09-22
TSLA,288.59,Call,305,2022-09-30,8,2.35,2.41,2.46,2.35,11795,4606,"+1,342",45.54%,2022-09-22
NCLH,14.39,Call,17.5,2022-10-07,15,0.09,0.1,0.11,0.1,2024,22427,"+1,320",72.41%,2022-09-22
META,142.82,Call,145,2022-09-23,1,0.75,0.77,0.78,0.78,29940,2168,"+1,313",54.65%,2022-09-22
JBI,9.42,Call,10,2022-11-18,57,0.45,0.6,0.75,0.65,1000,2662,"+1,312",58.67%,2022-09-22
GSK,30.01,Call,31,2022-09-30,8,0.2,0.25,0.3,0.23,1421,1436,"+1,309",33.57%,2022-09-22
SOFI,5.36,Call,6,2023-01-20,120,0.71,0.72,0.72,0.73,4602,14747,"+1,309",76.20%,2022-09-22
GOOGL,100.14,Call,102,2022-09-23,1,0.3,0.31,0.31,0.3,24458,3909,"+1,305",45.19%,2022-09-22
ATUS,7.16,Put,6,2022-11-18,57,0.3,0.35,0.4,0.35,2260,1324,"+1,304",78.45%,2022-09-22
CHNG,27.26,Call,27,2023-01-20,120,0.6,0.65,0.7,0.7,5036,7212,"+1,301",5.80%,2022-09-22
NIO,18.35,Call,20,2022-10-21,29,0.83,0.85,0.86,0.86,1849,17115,"+1,299",71.35%,2022-09-22
ET,11.32,Call,13,2022-11-18,57,0.12,0.14,0.15,0.15,725,3486,"+1,297",37.16%,2022-09-22
AAPL,152.74,Call,175,2022-10-21,29,0.37,0.38,0.38,0.38,3742,56746,"+1,289",30.99%,2022-09-22
TSLA,288.59,Put,293.33,2022-09-23,1,5.7,5.9,6.1,5.45,20938,5056,"+1,283",48.67%,2022-09-22
GOOGL,100.14,Call,103,2022-09-23,1,0.15,0.16,0.16,0.15,4786,6039,"+1,279",46.30%,2022-09-22
MU,49.66,Put,51,2022-09-23,1,1.49,1.52,1.54,1.44,503,2861,"+1,279",60.26%,2022-09-22
NCLH,14.39,Call,30,2023-01-20,120,0.11,0.11,0.12,0.12,751,43004,"+1,269",70.46%,2022-09-22
DKNG,15.58,Put,16,2022-09-23,1,0.54,0.57,0.59,0.54,2085,4287,"+1,252",85.64%,2022-09-22
UNIT,7.78,Put,5,2024-01-19,484,0.55,0.58,0.6,0.55,3490,2750,"+1,250",54.06%,2022-09-22
META,142.82,Put,120,2022-10-21,29,1.3,1.32,1.33,1.34,1209,6680,"+1,248",55.22%,2022-09-22
AAPL,152.74,Put,150,2022-11-18,57,7.4,7.45,7.5,7.35,22469,28987,"+1,245",37.56%,2022-09-22
F,12.77,Call,15,2022-11-18,57,0.27,0.28,0.28,0.28,1155,5246,"+1,243",48.00%,2022-09-22
BYND,15.25,Call,20,2022-11-18,57,0.95,1.03,1.1,1.08,850,1789,"+1,241",103.07%,2022-09-22
TCRT,1.88,Call,2.5,2022-10-21,29,0.2,0.23,0.25,0.22,3591,16741,"+1,236",192.30%,2022-09-22
SBUX,84.7,Call,90,2022-10-21,29,1.15,1.19,1.22,1.27,729,5357,"+1,230",32.09%,2022-09-22
NVDA,125.61,Put,133,2022-09-23,1,7.05,7.32,7.6,7,1933,3432,"+1,228",80.14%,2022-09-22
GOOGL,100.14,Call,105,2022-09-30,8,0.6,0.62,0.63,0.6,4638,10394,"+1,225",36.74%,2022-09-22
PFE,44.57,Call,45,2022-09-23,1,0.13,0.15,0.17,0.17,8940,2573,"+1,223",36.73%,2022-09-22
FUBO,3.92,Call,4.5,2022-09-30,8,0.11,0.12,0.13,0.13,3278,3324,"+1,223",139.06%,2022-09-22
CRON,2.86,Put,3,2022-10-21,29,0.23,0.24,0.24,0.23,10707,31681,"+1,219",46.49%,2022-09-22
XPEV,13.74,Call,13.5,2022-09-23,1,0.39,0.42,0.45,0.43,1540,1208,"+1,205",103.40%,2022-09-22
META,142.82,Call,145,2022-10-21,29,6.8,6.85,6.9,7.03,2377,2372,"+1,194",48.09%,2022-09-22
AMZN,117.31,Call,120,2022-09-30,8,1.82,1.86,1.89,1.83,6601,2292,"+1,179",42.27%,2022-09-22
TSLA,288.59,Put,250,2022-12-16,85,15.95,16.08,16.2,15.9,2212,11478,"+1,178",62.57%,2022-09-22
TSLA,288.59,Put,305,2022-09-30,8,18.55,18.7,18.85,18.5,2457,2795,"+1,176",46.11%,2022-09-22
AMD,69.5,Put,70,2022-09-30,8,2.57,2.59,2.62,2.53,10189,4787,"+1,170",57.16%,2022-09-22
MSFT,240.98,Call,242.5,2022-09-30,8,4,4.08,4.15,4.05,4498,2988,"+1,169",33.22%,2022-09-22
CMCSA,32.47,Call,37.5,2023-01-20,120,0.85,0.89,0.92,0.9,1399,12331,"+1,169",33.99%,2022-09-22
META,142.82,Put,138,2022-09-23,1,0.24,0.25,0.26,0.24,3201,1673,"+1,167",55.74%,2022-09-22
DRI,125.45,Put,130,2022-10-21,29,7.6,7.75,7.9,7.66,614,1516,"+1,166",34.78%,2022-09-22
AAPL,152.74,Call,160,2022-11-18,57,5.55,5.6,5.65,5.6,3275,26764,"+1,166",34.83%,2022-09-22
META,142.82,Put,265,2024-01-19,484,122.15,122.5,122.85,122.71,1095,4221,"+1,161",45.17%,2022-09-22
BYND,15.25,Call,30,2022-11-18,57,0.24,0.28,0.31,0.26,1313,5145,"+1,157",111.98%,2022-09-22
TSLA,288.59,Put,265,2022-09-30,8,1.73,1.78,1.82,1.77,4381,8432,"+1,151",55.82%,2022-09-22
RLMD,30.54,Put,25,2022-10-21,29,4.8,5.7,6.6,6.33,507,4957,"+1,151",292.38%,2022-09-22
RLMD,30.54,Call,40,2022-10-21,29,5,5.9,6.8,5.73,546,5486,"+1,149",251.73%,2022-09-22
XPEV,13.74,Call,15,2022-09-30,8,0.25,0.26,0.26,0.26,1291,1599,"+1,142",84.89%,2022-09-22
INTC,28.07,Call,45,2025-01-17,848,1.95,2.02,2.08,1.97,1873,3617,"+1,137",37.60%,2022-09-22
RDFN,6.32,Call,8,2022-10-21,29,0.15,0.18,0.2,0.19,564,1648,"+1,135",93.24%,2022-09-22
CCL,9.64,Put,2.5,2023-06-16,267,0.1,0.14,0.18,0.15,762,7658,"+1,123",112.96%,2022-09-22
MSFT,240.98,Call,245,2022-09-30,8,2.94,3,3.05,2.95,6299,4160,"+1,123",32.49%,2022-09-22
CMCSA,32.47,Call,35,2023-01-20,120,1.52,1.57,1.61,1.61,4816,6041,"+1,120",35.08%,2022-09-22
TSLA,288.59,Call,335,2022-09-30,8,0.18,0.2,0.22,0.2,3176,2637,"+1,116",50.34%,2022-09-22
BABA,80.71,Put,210,2023-01-20,120,128.85,129.52,130.2,128.85,13152,8522,"+1,108",107.05%,2022-09-22
NFLX,237.05,Call,245,2022-10-07,15,6.65,6.75,6.85,6.66,695,1576,"+1,102",51.61%,2022-09-22
TSLA,288.59,Put,296.67,2022-09-23,1,8.3,8.7,9.1,8.3,24873,4878,"+1,098",38.59%,2022-09-22
AMD,69.5,Call,85,2022-10-21,29,0.44,0.45,0.46,0.47,3121,13095,"+1,096",52.03%,2022-09-22
AAPL,152.74,Put,138,2022-10-21,29,1.71,1.72,1.73,1.5,1335,1559,"+1,091",41.04%,2022-09-22
BAC,32.5,Put,30.5,2022-10-07,15,0.32,0.33,0.35,0.32,1689,5751,"+1,088",40.20%,2022-09-22
VALE,13.64,Call,13.5,2022-09-23,1,0.2,0.24,0.27,0.23,2135,3473,"+1,086",53.11%,2022-09-22
WMT,133.39,Put,130,2022-09-23,1,0.15,0.16,0.16,0.15,10499,2613,"+1,086",40.36%,2022-09-22
MSFT,240.98,Put,237.5,2022-09-23,1,0.78,0.8,0.82,0.8,11122,2712,"+1,078",42.02%,2022-09-22
COIN,62.94,Put,60,2022-09-23,1,0.43,0.46,0.5,0.45,3568,3135,"+1,073",115.23%,2022-09-22
FREY,15.37,Call,20,2022-10-21,29,0.25,0.3,0.35,0.3,830,1550,"+1,070",85.77%,2022-09-22
RLMD,30.54,Put,10,2022-10-21,29,0.4,0.7,1,0.45,529,4577,"+1,067",278.35%,2022-09-22
MLCO,5.21,Call,8,2022-11-18,57,0.1,0.18,0.25,0.2,1988,3491,"+1,066",103.30%,2022-09-22
BABA,80.71,Call,83,2022-09-23,1,0.24,0.25,0.25,0.24,7305,1192,"+1,060",57.93%,2022-09-22
SOFI,5.36,Call,6,2022-11-18,57,0.46,0.47,0.48,0.48,1884,7300,"+1,058",84.17%,2022-09-22
CCL,9.64,Put,9.5,2022-09-30,8,0.45,0.46,0.47,0.46,1561,2759,"+1,054",93.70%,2022-09-22
SQ,55.93,Call,65,2022-09-30,8,0.22,0.24,0.25,0.25,760,1329,"+1,050",73.28%,2022-09-22
LAZR,7.86,Call,10,2022-10-21,29,0.21,0.23,0.25,0.22,3044,3624,"+1,049",91.90%,2022-09-22
TSLA,288.59,Call,315,2022-09-30,8,0.94,0.98,1.02,0.95,9496,5683,"+1,047",45.64%,2022-09-22
META,142.82,Put,90,2022-10-28,36,0.24,0.28,0.31,0.29,501,1118,"+1,044",77.16%,2022-09-22
ABNB,103.72,Put,90,2022-09-30,8,0.34,0.38,0.41,0.36,861,2029,"+1,041",68.69%,2022-09-22
BA,138.71,Put,133,2022-09-23,1,0.14,0.17,0.19,0.14,1140,1143,"+1,041",56.51%,2022-09-22
NFLX,237.05,Put,232.5,2022-09-23,1,1.25,1.28,1.3,1.3,4676,2359,"+1,038",62.32%,2022-09-22
NIO,18.35,Call,19,2022-10-07,15,0.76,0.79,0.81,0.8,2126,1279,"+1,033",72.07%,2022-09-22
JD,53.47,Call,54,2022-09-23,1,0.33,0.36,0.39,0.35,2431,1141,"+1,032",51.28%,2022-09-22
NVDA,125.61,Put,129,2022-09-23,1,3.85,3.93,4,3.8,5455,3189,"+1,031",65.18%,2022-09-22
AAPL,152.74,Call,175,2022-12-16,85,2.48,2.51,2.54,2.57,1684,38267,"+1,029",30.85%,2022-09-22
ILMN,193.49,Put,130,2022-09-30,8,0.05,0.18,0.3,0.1,518,1159,"+1,027",116.87%,2022-09-22
XOM,90.57,Call,92,2022-09-30,8,1.3,1.33,1.35,1.33,1911,1429,"+1,026",36.62%,2022-09-22
NVDA,125.61,Call,200,2022-11-18,57,0.22,0.24,0.25,0.25,577,7115,"+1,025",56.50%,2022-09-22
BABA,80.71,Put,75,2022-11-18,57,4.2,4.3,4.4,4.13,716,5656,"+1,025",56.30%,2022-09-22
CCJ,27.01,Put,23,2022-12-16,85,1.35,1.4,1.44,1.38,1046,3433,"+1,025",62.90%,2022-09-22
CCL,9.64,Call,30,2024-01-19,484,0.4,0.42,0.44,0.44,2661,23546,"+1,022",66.88%,2022-09-22
FREY,15.37,Call,15,2022-11-18,57,2,2.08,2.15,2.1,1500,1151,"+1,021",78.88%,2022-09-22
BABA,80.71,Call,100,2023-06-16,267,8.25,8.38,8.5,8.5,2196,4547,"+1,018",51.16%,2022-09-22
GIS,80.78,Put,80,2022-10-21,29,1.8,1.85,1.9,1.8,3163,1110,"+1,016",23.92%,2022-09-22
T,16.24,Put,17,2024-01-19,484,2.44,2.5,2.56,2.49,527,23070,"+1,015",25.52%,2022-09-22
NVDA,125.61,Put,135,2022-09-23,1,8.9,9.2,9.5,8.9,1073,3853,"+1,007",83.21%,2022-09-22
NIO,18.35,Call,18,2022-09-30,8,0.95,0.97,0.99,0.98,896,1369,"+1,006",73.41%,2022-09-22
AMD,69.5,Call,120,2023-01-20,120,0.33,0.34,0.34,0.34,1429,24818,"+1,005",50.78%,2022-09-22
BIDU,118.82,Put,120,2022-09-30,8,3.8,3.93,4.05,3.3,862,1070,"+1,004",47.26%,2022-09-22
MANU,13.63,Put,13,2022-10-21,29,0.25,0.3,0.35,0.31,522,2399,"+1,003",38.39%,2022-09-22
V,185.79,Put,175,2022-09-30,8,0.52,0.59,0.65,0.55,786,1127,"+1,000",34.67%,2022-09-22
SWN,6.78,Call,15,2025-01-17,848,0.99,1.09,1.18,1.11,1000,1010,"+1,000",61.35%,2022-09-22
C,45.58,Put,30,2022-11-18,57,0.1,0.11,0.12,0.12,1029,5067,"+1,000",58.36%,2022-09-22
CWH,25.5,Put,27,2022-09-23,1,1.5,1.55,1.6,1.55,1024,1756,+999,81.12%,2022-09-22
C,45.58,Put,45,2022-09-30,8,0.68,0.72,0.75,0.67,1807,1404,+999,36.27%,2022-09-22
XOM,90.57,Call,93,2022-09-30,8,0.92,0.96,0.99,0.93,1335,2122,+997,35.30%,2022-09-22
BABA,80.71,Call,85,2023-01-20,120,8.3,8.4,8.5,8.6,641,3872,+996,53.25%,2022-09-22
PFE,44.57,Call,47.5,2022-10-21,29,0.39,0.42,0.44,0.44,795,12161,+996,28.49%,2022-09-22
FAZE,13.51,Put,11,2022-09-30,8,0.55,0.6,0.65,0.61,1966,2806,+989,216.50%,2022-09-22
F,12.77,Call,13.5,2022-10-28,36,0.46,0.49,0.52,0.5,627,1929,+979,50.10%,2022-09-22
AAPL,152.74,Put,152.5,2022-09-30,8,3.1,3.15,3.2,3.2,16992,8631,+978,37.11%,2022-09-22
WYNN,60.19,Call,70,2022-11-18,57,2.28,2.36,2.44,2.45,570,6042,+978,58.33%,2022-09-22
OXY,61.88,Put,55,2022-10-21,29,1.01,1.05,1.09,1.03,789,7828,+977,52.55%,2022-09-22
AMD,69.5,Put,70,2022-12-16,85,7.35,7.4,7.45,7.31,2427,9335,+977,54.90%,2022-09-22
TSLA,288.59,Put,305,2022-10-07,15,22.05,22.25,22.45,22.2,630,2336,+976,52.09%,2022-09-22
AAPL,152.74,Put,142,2022-10-07,15,1.24,1.25,1.26,1.17,836,1828,+976,40.85%,2022-09-22
CZR,37.62,Put,42,2022-09-23,1,4.35,4.48,4.6,4.5,1004,1509,+969,152.60%,2022-09-22
ATUS,7.16,Call,10,2023-01-20,120,0.4,0.48,0.55,0.55,3096,6159,+969,80.74%,2022-09-22
RLMD,30.54,Call,35,2022-11-18,57,8,8.9,9.8,8.32,523,1262,+968,206.38%,2022-09-22
WMT,133.39,Put,128,2022-10-21,29,1.69,1.73,1.76,1.55,558,1005,+968,26.25%,2022-09-22
BCTX,6.05,Call,10,2022-10-21,29,0.2,0.28,0.35,0.35,1407,11041,+965,183.80%,2022-09-22
ATUS,7.16,Call,10,2022-11-18,57,0.2,0.23,0.25,0.27,1957,1382,+965,82.86%,2022-09-22
S,24.89,Call,40,2024-01-19,484,4.3,4.5,4.7,4.6,1138,2420,+950,70.52%,2022-09-22
VALE,13.64,Call,13,2022-09-23,1,0.57,0.64,0.7,0.7,1111,2722,+947,96.22%,2022-09-22
BABA,80.71,Put,70,2022-09-30,8,0.13,0.14,0.14,0.14,1205,3954,+946,58.98%,2022-09-22
SNDL,2.32,Call,5,2024-01-19,484,0.56,0.6,0.64,0.62,1055,10780,+940,104.68%,2022-09-22
RIVN,33.33,Put,35,2022-09-30,8,2.42,2.47,2.53,2.24,1672,1891,+940,74.66%,2022-09-22
META,142.82,Call,170,2022-09-30,8,0.08,0.09,0.1,0.1,801,4680,+937,57.41%,2022-09-22
BABA,80.71,Put,80,2022-09-30,8,2.01,2.05,2.09,1.98,5842,2704,+937,50.70%,2022-09-22
MU,49.66,Put,52,2022-09-23,1,2.35,2.44,2.52,2.25,2514,7805,+936,70.74%,2022-09-22
XOM,90.57,Put,91,2022-09-30,8,2.13,2.18,2.22,2.15,1037,1493,+935,35.69%,2022-09-22
SBUX,84.7,Call,100,2023-01-20,120,1.43,1.48,1.52,1.57,1165,18444,+934,30.19%,2022-09-22
NFLX,237.05,Put,225,2022-09-23,1,0.23,0.24,0.24,0.23,3818,2639,+932,66.16%,2022-09-22
AMZN,117.31,Put,119,2022-09-23,1,2.14,2.19,2.24,2.11,2901,3423,+932,46.97%,2022-09-22
AMD,69.5,Put,75,2023-06-16,267,14.3,14.45,14.6,14.12,998,11512,+931,51.50%,2022-09-22
SOFI,5.36,Put,5.5,2022-09-30,8,0.29,0.3,0.31,0.3,819,4536,+928,70.07%,2022-09-22
TWTR,41.4,Put,41.5,2022-09-23,1,0.3,0.32,0.34,0.28,1451,2765,+928,31.01%,2022-09-22
F,12.77,Put,13,2022-09-30,8,0.48,0.49,0.5,0.49,7524,5618,+921,47.33%,2022-09-22
AAPL,152.74,Put,140,2022-09-30,8,0.38,0.39,0.39,0.39,9943,12147,+920,43.83%,2022-09-22
AAPL,152.74,Put,120,2022-11-18,57,1.16,1.17,1.18,1.12,1919,16514,+920,47.72%,2022-09-22
GOLD,15.07,Call,16,2022-11-18,57,0.64,0.66,0.67,0.65,687,8743,+913,43.05%,2022-09-22
META,142.82,Put,139,2022-09-23,1,0.38,0.39,0.4,0.38,2764,1884,+911,55.23%,2022-09-22
MPW,12.91,Put,13,2022-10-21,29,0.6,0.65,0.7,0.64,794,11534,+908,38.63%,2022-09-22
AAPL,152.74,Call,167.5,2022-10-21,29,1.09,1.11,1.12,1.16,5050,4939,+906,31.27%,2022-09-22
BAC,32.5,Put,32,2022-10-21,29,1.15,1.17,1.18,1.11,4494,19444,+902,38.62%,2022-09-22
F,12.77,Put,11,2023-03-17,176,0.91,0.94,0.96,0.92,2057,15388,+901,50.47%,2022-09-22
GME,24.7,Call,30,2022-11-18,57,2.05,2.19,2.33,2.19,829,3395,+895,100.72%,2022-09-22
META,142.82,Put,145,2022-09-23,1,2.93,2.99,3.05,2.88,2255,5781,+894,56.11%,2022-09-22
WFC,41.52,Call,50,2022-12-16,85,0.41,0.44,0.47,0.46,630,11079,+893,33.68%,2022-09-22
LEN,77.43,Put,75,2022-10-21,29,2.4,2.68,2.95,2.7,877,2207,+889,44.42%,2022-09-22
SWN,6.78,Put,7,2022-09-23,1,0.23,0.25,0.26,0.26,1097,1870,+884,83.01%,2022-09-22
AMZN,117.31,Call,119,2022-09-23,1,0.49,0.52,0.54,0.5,16887,1800,+881,46.65%,2022-09-22
AMD,69.5,Call,80,2022-11-18,57,2.53,2.55,2.57,2.66,3876,5215,+878,54.54%,2022-09-22
TSLA,288.59,Put,283.33,2022-09-23,1,1.21,1.23,1.25,1.22,16288,4978,+877,53.38%,2022-09-22
F,12.77,Call,14,2022-10-21,29,0.25,0.26,0.27,0.27,15934,7637,+876,48.73%,2022-09-22
NVDA,125.61,Call,136,2022-09-30,8,0.92,0.94,0.95,0.97,1060,1464,+875,54.94%,2022-09-22
NIO,18.35,Call,19.5,2022-09-30,8,0.34,0.36,0.37,0.36,1914,1894,+874,72.08%,2022-09-22
BAC,32.5,Call,34,2022-09-30,8,0.16,0.17,0.18,0.19,3678,2385,+873,34.10%,2022-09-22
MULN,0.3671,Call,0.5,2023-01-20,120,0.1,0.13,0.15,0.1,1542,12760,+872,164.89%,2022-09-22
FREY,15.37,Call,17,2022-10-21,29,0.7,0.75,0.8,0.75,921,1185,+871,77.61%,2022-09-22
COIN,62.94,Put,60,2022-09-30,8,2.43,2.5,2.57,2.5,3030,2348,+871,104.85%,2022-09-22
NVDA,125.61,Call,150,2022-10-21,29,1.15,1.17,1.18,1.19,4492,11267,+868,52.48%,2022-09-22
META,142.82,Call,170,2022-10-28,36,2.15,2.2,2.24,2.45,537,2263,+867,54.44%,2022-09-22
AMD,69.5,Put,76,2022-09-23,1,6.25,6.43,6.6,6.25,1053,5864,+864,108.83%,2022-09-22
SOFI,5.36,Call,7.5,2023-01-20,120,0.34,0.35,0.35,0.34,5552,37227,+864,74.30%,2022-09-22
RCL,47,Put,45,2022-10-21,29,2.78,2.83,2.87,2.78,3310,6343,+861,72.22%,2022-09-22
PLTR,7.37,Call,10,2024-01-19,484,1.48,1.5,1.52,1.5,1765,45351,+860,63.96%,2022-09-22
BABA,80.71,Call,100,2022-12-16,85,2.68,2.73,2.77,2.8,862,20788,+857,53.43%,2022-09-22
TSLA,288.59,Put,305,2022-09-23,1,16.25,16.58,16.9,16.33,9137,10928,+850,78.53%,2022-09-22
INTC,28.07,Call,28,2022-09-30,8,0.71,0.72,0.73,0.71,698,1215,+848,41.21%,2022-09-22
PFE,44.57,Call,45,2022-11-18,57,1.82,1.86,1.9,1.94,926,2695,+848,29.81%,2022-09-22
AAPL,152.74,Put,155,2023-01-20,120,12.1,12.15,12.2,12.15,1334,31456,+844,33.15%,2022-09-22
AMZN,117.31,Put,125,2022-09-30,8,8,8.15,8.3,8,1347,2982,+843,35.51%,2022-09-22
AAPL,152.74,Put,149,2022-09-30,8,1.84,1.85,1.86,1.84,5707,3404,+836,38.23%,2022-09-22
PFE,44.57,Put,45,2023-06-16,267,4.3,4.38,4.45,4.35,1587,6342,+832,27.98%,2022-09-22
TSLA,288.59,Put,310,2022-09-30,8,22.45,22.73,23,22.65,3335,2928,+832,44.05%,2022-09-22
ABBV,143.01,Call,155,2022-10-21,29,0.35,0.38,0.4,0.4,1479,14184,+822,21.94%,2022-09-22
CLF,14.1,Call,14,2022-09-23,1,0.25,0.27,0.29,0.33,924,1116,+821,73.57%,2022-09-22
GOOGL,100.14,Call,109,2022-09-30,8,0.17,0.19,0.2,0.22,675,2155,+819,38.58%,2022-09-22
TELL,2.77,Call,4.5,2022-12-16,85,0.1,0.15,0.2,0.15,513,4234,+817,102.26%,2022-09-22
TSLA,288.59,Call,303.33,2022-09-23,1,0.11,0.11,0.12,0.12,19766,3945,+816,53.06%,2022-09-22
FUBO,3.92,Put,4,2022-09-23,1,0.14,0.15,0.16,0.14,1847,3750,+812,114.70%,2022-09-22
TSLA,288.59,Call,325,2022-10-07,15,2,2.07,2.13,2.12,1736,4149,+809,51.89%,2022-09-22
SNOW,171.79,Put,170,2022-09-30,8,5.7,5.95,6.2,5.92,910,1195,+808,67.55%,2022-09-22
AGNC,10.77,Call,11.5,2022-10-28,36,0.08,0.1,0.12,0.1,817,823,+801,27.15%,2022-09-22
ACN,262.32,Put,250,2022-09-23,1,0,0.05,0.1,0.1,1138,1195,+800,51.29%,2022-09-22
SAVA,51.06,Call,45,2022-09-23,1,6.25,6.73,7.2,6.5,7306,1817,+799,230.15%,2022-09-22
GOOGL,100.14,Call,101,2022-09-23,1,0.55,0.57,0.58,0.58,11510,2507,+797,45.06%,2022-09-22
CCL,9.64,Call,15,2023-03-17,176,0.55,0.57,0.59,0.58,741,7118,+795,69.23%,2022-09-22
LAZR,7.86,Put,8,2022-10-21,29,0.85,0.89,0.93,0.92,718,804,+794,96.26%,2022-09-22
AAPL,152.74,Call,162.5,2022-10-21,29,2.16,2.18,2.2,2.2,3937,3353,+794,32.52%,2022-09-22
GOOG,100.57,Call,101,2022-09-23,1,0.65,0.7,0.75,0.7,12029,1615,+790,42.57%,2022-09-22
F,12.77,Call,13,2025-01-17,848,3.2,3.23,3.25,3.25,796,1999,+784,47.82%,2022-09-22
SFIX,4.18,Put,4.5,2022-10-21,29,0.61,0.63,0.64,0.62,1043,2670,+783,91.20%,2022-09-22
AMZN,117.31,Call,123,2022-09-30,8,0.91,0.94,0.96,0.94,2895,2614,+782,41.37%,2022-09-22
NIO,18.35,Call,30,2023-01-20,120,0.55,0.56,0.57,0.55,518,30063,+778,71.12%,2022-09-22
SNAP,10.46,Put,11,2023-01-20,120,2.03,2.05,2.07,2.04,741,7977,+778,74.73%,2022-09-22
RIVN,33.33,Put,30,2022-09-30,8,0.41,0.44,0.46,0.42,1511,1306,+776,83.10%,2022-09-22
AMC,7.85,Call,10,2022-10-21,29,0.45,0.46,0.47,0.47,1603,8850,+774,126.85%,2022-09-22
JPM,111.21,Call,120,2022-10-21,29,0.99,1.02,1.04,1.01,1009,8831,+770,30.56%,2022-09-22
DLO,23.29,Call,30,2022-10-21,29,0.2,0.25,0.3,0.25,581,3080,+768,70.00%,2022-09-22
F,12.77,Put,12.5,2022-10-28,36,0.69,0.72,0.75,0.7,3274,953,+767,51.84%,2022-09-22
BAC,32.5,Put,32.5,2022-10-21,29,1.36,1.38,1.39,1.36,4719,1150,+767,37.20%,2022-09-22
COIN,62.94,Put,70,2022-09-23,1,6.85,7.07,7.3,7,1961,3082,+766,155.59%,2022-09-22
AAL,12.71,Put,10,2025-01-17,848,2.41,2.47,2.52,2.5,6173,32686,+763,62.43%,2022-09-22
MSFT,240.98,Put,237.5,2022-10-21,29,7.1,7.2,7.3,7.09,1067,1401,+762,33.23%,2022-09-22
TCDA,8.84,Put,7.5,2022-10-21,29,2.65,2.83,3,2.65,1217,2781,+760,375.07%,2022-09-22
F,12.77,Put,13.5,2022-10-21,29,1.09,1.11,1.12,1.09,1029,3017,+758,43.94%,2022-09-22
TSLA,288.59,Put,285,2022-09-30,8,6.65,6.73,6.8,6.7,14950,4477,+758,49.79%,2022-09-22
FREY,15.37,Call,14,2022-10-21,29,2,2.1,2.2,2.1,720,1030,+756,77.98%,2022-09-22
SNY,39.13,Call,43,2022-11-18,57,0.4,0.55,0.7,0.5,753,754,+754,28.28%,2022-09-22
COST,487.17,Call,520,2022-09-23,1,1,1.08,1.15,1,2536,1304,+753,92.38%,2022-09-22
AMZN,117.31,Call,120,2022-09-23,1,0.26,0.27,0.28,0.28,27448,6402,+753,46.81%,2022-09-22
C,45.58,Put,42.5,2022-10-21,29,0.87,0.89,0.9,0.85,7253,10391,+752,41.45%,2022-09-22
VZ,39.93,Call,40,2023-01-20,120,1.92,1.96,2.01,2,1045,3343,+752,24.27%,2022-09-22
ENPH,283.63,Put,280,2022-09-23,1,2.75,2.9,3.05,2.74,2221,1396,+751,76.30%,2022-09-22
TSLA,288.59,Put,300,2022-10-07,15,18.85,19,19.15,18.75,1558,2918,+750,53.17%,2022-09-22
TSLA,288.59,Put,290,2022-09-30,8,8.85,8.95,9.05,8.95,33339,6952,+750,48.57%,2022-09-22
XPEV,13.74,Call,14.5,2022-09-30,8,0.36,0.37,0.38,0.38,914,1200,+748,83.10%,2022-09-22
TSLA,288.59,Call,350,2022-11-18,57,6.7,6.83,6.95,6.9,1766,6607,+747,53.82%,2022-09-22
AAPL,152.74,Put,157.5,2022-10-21,29,8.3,8.38,8.45,8.21,717,1212,+746,33.32%,2022-09-22
META,142.82,Put,140,2022-09-30,8,2.85,2.88,2.9,2.87,4926,4631,+746,49.76%,2022-09-22
AAL,12.71,Put,12.5,2022-09-23,1,0.09,0.1,0.1,0.1,4748,3473,+745,70.96%,2022-09-22
DIS,102.16,Call,110,2022-10-21,29,1.35,1.37,1.39,1.43,597,13359,+744,34.49%,2022-09-22
F,12.77,Put,13,2022-10-14,22,0.7,0.72,0.73,0.7,584,1499,+740,45.16%,2022-09-22
AMD,69.5,Put,74,2022-09-23,1,4.3,4.6,4.9,4.25,7227,3126,+739,82.94%,2022-09-22
GOOGL,100.14,Put,100,2022-09-30,8,2.14,2.16,2.18,2.16,5691,3601,+738,38.11%,2022-09-22
AMZN,117.31,Call,134,2022-10-21,29,0.77,0.79,0.8,0.8,744,1206,+738,39.25%,2022-09-22
AAL,12.71,Put,13,2022-09-23,1,0.35,0.37,0.39,0.36,3314,4907,+738,66.87%,2022-09-22
PDD,63.46,Put,63,2022-09-23,1,0.57,0.62,0.67,0.51,649,1115,+737,62.97%,2022-09-22
BAC,32.5,Call,35,2022-12-16,85,1.12,1.16,1.19,1.21,536,7311,+734,33.73%,2022-09-22
TLRY,2.8,Put,3,2022-09-23,1,0.17,0.2,0.22,0.22,1262,2757,+734,140.99%,2022-09-22
JBLU,7.1,Put,5,2023-01-20,120,0.2,0.23,0.25,0.19,768,1328,+732,68.66%,2022-09-22
SAVA,51.06,Call,50,2022-09-23,1,3.35,3.48,3.6,3.35,13798,1833,+724,264.30%,2022-09-22
GM,37.38,Call,50,2023-01-20,120,0.53,0.55,0.57,0.54,3265,24708,+722,40.60%,2022-09-22
CHNG,27.26,Call,27,2022-10-21,29,0.5,0.53,0.55,0.5,1072,888,+720,10.55%,2022-09-22
T,16.24,Call,16.5,2022-09-30,8,0.12,0.13,0.14,0.13,1785,1535,+720,25.12%,2022-09-22
BABA,80.71,Put,79,2022-09-23,1,0.24,0.27,0.29,0.23,2666,990,+719,51.89%,2022-09-22
DWAC,16.92,Put,11,2022-10-14,22,0.05,0.18,0.3,0.15,1147,721,+718,125.06%,2022-09-22
GME,24.7,Put,24,2022-09-30,8,0.98,1.06,1.13,1.04,1490,1596,+716,95.10%,2022-09-22
WDC,33.82,Call,52.5,2023-01-20,120,0.29,0.35,0.4,0.31,716,1804,+715,48.57%,2022-09-22
SCHW,72.06,Put,79,2022-09-30,8,6.85,7.03,7.2,6.75,805,754,+715,38.63%,2022-09-22
COST,487.17,Put,400,2022-09-23,1,0.13,0.17,0.2,0.19,3945,1871,+715,170.81%,2022-09-22
AMD,69.5,Call,80,2022-09-30,8,0.13,0.14,0.15,0.14,6115,5120,+714,58.20%,2022-09-22
TSLA,288.59,Put,315,2022-09-23,1,26.05,26.5,26.95,26,641,2659,+711,82.45%,2022-09-22
AAPL,152.74,Put,145,2022-10-14,22,2.56,2.59,2.61,2.53,1035,2329,+710,38.97%,2022-09-22
MSFT,240.98,Call,280,2022-11-18,57,1.67,1.73,1.78,1.77,1558,9396,+707,31.05%,2022-09-22
TSLA,288.59,Put,280,2022-09-23,1,0.62,0.64,0.66,0.65,76916,17071,+707,55.95%,2022-09-22
JPM,111.21,Call,120,2022-11-18,57,2.05,2.14,2.22,2.2,672,4008,+706,30.62%,2022-09-22
DAL,29.96,Call,32,2022-09-30,8,0.19,0.21,0.22,0.21,984,1365,+705,47.75%,2022-09-22
AAPL,152.74,Call,172.5,2022-10-07,15,0.12,0.13,0.14,0.14,794,4107,+703,32.52%,2022-09-22
SOFI,5.36,Call,10,2024-01-19,484,0.79,0.8,0.82,0.79,3818,34382,+699,70.63%,2022-09-22
TSLA,288.59,Put,298.33,2022-09-23,1,9.8,10.2,10.6,9.9,11761,7347,+698,41.37%,2022-09-22
MCD,247.94,Call,247.5,2022-09-30,8,3.55,3.63,3.7,3.82,727,701,+694,23.22%,2022-09-22
BAC,32.5,Put,33,2022-09-23,1,0.61,0.64,0.66,0.6,8259,4833,+694,47.62%,2022-09-22
TSLA,288.59,Put,275,2022-09-30,8,3.5,3.55,3.6,3.55,8575,4670,+692,52.62%,2022-09-22
NFLX,237.05,Put,235,2022-09-23,1,2.05,2.1,2.15,2.05,11579,2658,+691,60.23%,2022-09-22
WMT,133.39,Put,135,2022-09-23,1,1.86,1.91,1.95,1.69,893,1647,+686,31.27%,2022-09-22
AAL,12.71,Call,13.5,2022-09-30,8,0.16,0.17,0.17,0.16,2134,2112,+686,57.74%,2022-09-22
MARA,10.52,Call,125,2024-01-19,484,0.38,0.46,0.54,0.54,2973,10301,+685,115.56%,2022-09-22
SOFI,5.36,Call,7,2022-12-16,85,0.32,0.33,0.33,0.33,753,4360,+684,78.12%,2022-09-22
LLY,310.87,Put,275,2022-10-21,29,1.85,2.19,2.52,1.93,2264,2826,+681,37.97%,2022-09-22
GOLD,15.07,Put,15.5,2022-10-14,22,0.81,0.83,0.84,0.86,1375,735,+680,39.07%,2022-09-22
PLTR,7.37,Call,8.5,2022-10-21,29,0.17,0.18,0.18,0.18,520,1200,+677,64.45%,2022-09-22
JD,53.47,Call,55,2022-09-23,1,0.1,0.12,0.13,0.12,922,832,+675,52.72%,2022-09-22
SOFI,5.36,Put,5,2022-10-21,29,0.28,0.29,0.29,0.28,1089,17501,+675,75.75%,2022-09-22
PBR,13.82,Put,14.5,2022-10-21,29,1.19,1.31,1.42,1.46,1025,1064,+673,48.55%,2022-09-22
AAPL,152.74,Put,157.5,2022-09-30,8,5.95,6.03,6.1,5.68,2338,6447,+672,34.08%,2022-09-22
BBBY,7.09,Put,7.5,2022-09-23,1,0.49,0.53,0.56,0.5,2742,5562,+669,158.99%,2022-09-22
WMT,133.39,Call,140,2022-11-18,57,2.98,3.04,3.1,3.09,671,2365,+668,26.68%,2022-09-22
PTON,8.59,Call,10,2022-09-30,8,0.1,0.11,0.11,0.11,615,1443,+667,100.26%,2022-09-22
TSLA,288.59,Put,310,2022-10-07,15,25.6,25.8,26,25.27,1003,2332,+667,51.54%,2022-09-22
GME,24.7,Call,237.5,2023-01-20,120,0.22,0.23,0.23,0.23,2979,137373,+666,169.09%,2022-09-22
GOOG,100.57,Call,102,2022-09-30,8,1.55,1.6,1.65,1.7,1071,1098,+663,37.15%,2022-09-22
GOOGL,100.14,Call,100,2022-10-21,29,4.25,4.33,4.4,4.45,1461,7996,+657,37.02%,2022-09-22
ABNB,103.72,Put,100,2022-09-23,1,0.36,0.41,0.45,0.41,1152,1608,+656,77.26%,2022-09-22
TSLA,288.59,Call,301.67,2022-09-30,8,3.1,3.2,3.3,3.25,3611,1559,+650,46.67%,2022-09-22
TSLA,288.59,Put,315,2022-09-30,8,26.95,27.25,27.55,26.75,702,2070,+649,45.77%,2022-09-22
ISRG,191.08,Call,240,2022-11-18,57,0.85,1.35,1.85,1.4,738,654,+648,41.62%,2022-09-22
AMD,69.5,Call,70,2022-10-21,29,4.15,4.18,4.2,4.17,7689,5654,+647,55.60%,2022-09-22
TCDA,8.84,Put,2.5,2022-10-21,29,0.4,0.43,0.45,0.41,3694,12833,+645,438.53%,2022-09-22
NVDA,125.61,Put,134,2022-09-23,1,8,8.3,8.6,6.85,892,2487,+643,87.84%,2022-09-22
AMD,69.5,Call,110,2022-12-16,85,0.3,0.31,0.32,0.32,3195,3933,+642,52.42%,2022-09-22
SHOP,28.57,Put,31.5,2022-09-23,1,2.81,2.98,3.15,2.6,775,2248,+639,121.41%,2022-09-22
JPM,111.21,Put,100,2022-10-21,29,1.26,1.3,1.34,1.25,975,6615,+639,42.33%,2022-09-22
TLRY,2.8,Call,3,2022-10-07,15,0.13,0.14,0.15,0.14,1408,2659,+639,96.15%,2022-09-22
GOOGL,100.14,Call,100,2022-09-23,1,0.98,1,1.02,1,16039,1829,+637,44.27%,2022-09-22
PCG,12.96,Call,13,2022-09-30,8,0.31,0.33,0.36,0.35,1404,3230,+636,47.82%,2022-09-22
AAPL,152.74,Call,180,2022-10-21,29,0.18,0.19,0.2,0.2,2568,44904,+636,31.71%,2022-09-22
AAPL,152.74,Put,146,2022-09-30,8,1.1,1.12,1.13,1.12,3975,7435,+634,39.94%,2022-09-22
GOOG,100.57,Put,100,2022-09-23,1,0.65,0.68,0.7,0.7,7865,3733,+634,45.87%,2022-09-22
GOOGL,100.14,Call,102.5,2022-11-18,57,5.2,5.25,5.3,5.35,583,2488,+629,38.77%,2022-09-22
UPS,167.86,Put,167.5,2022-09-23,1,1.34,1.42,1.5,1.39,1723,1193,+629,44.59%,2022-09-22
META,142.82,Call,180,2022-10-21,29,0.38,0.39,0.4,0.45,1052,8873,+628,47.78%,2022-09-22
CLNN,2.85,Put,2.5,2022-10-21,29,0.8,0.83,0.85,0.8,695,22927,+627,334.04%,2022-09-22
TSLA,288.59,Call,303.33,2022-09-30,8,2.68,2.76,2.84,2.8,2995,1708,+625,46.28%,2022-09-22
TSLA,288.59,Put,295,2022-09-23,1,6.95,7.18,7.4,7.25,78500,15168,+625,49.92%,2022-09-22
TSLA,288.59,Put,280,2022-09-30,8,4.9,4.95,5,4.93,24792,6784,+624,51.22%,2022-09-22
TSLA,288.59,Put,260,2022-09-30,8,1.2,1.23,1.27,1.24,8442,3561,+623,57.68%,2022-09-22
MSFT,240.98,Put,232.5,2022-09-30,8,1.76,1.9,2.05,2,1035,941,+621,37.14%,2022-09-22
AAPL,152.74,Call,170,2023-01-20,120,5.15,5.2,5.25,5.28,1435,44372,+621,31.08%,2022-09-22
CLF,14.1,Call,17.5,2022-10-21,29,0.18,0.19,0.2,0.18,643,896,+620,65.96%,2022-09-22
RIOT,6.34,Call,8,2023-01-20,120,1.04,1.08,1.12,1.09,761,4748,+620,110.62%,2022-09-22
LYFT,14.69,Call,17.5,2022-11-18,57,0.92,0.94,0.95,0.94,1288,1107,+620,80.37%,2022-09-22
AAPL,152.74,Call,185,2022-10-21,29,0.1,0.11,0.11,0.11,1820,29710,+620,32.67%,2022-09-22
META,142.82,Call,147,2022-09-23,1,0.33,0.34,0.35,0.35,7151,2697,+618,55.13%,2022-09-22
MU,49.66,Put,50,2022-12-16,85,4.7,4.78,4.85,4.7,524,14041,+618,48.37%,2022-09-22
GOOG,100.57,Put,98,2022-09-23,1,0.15,0.18,0.2,0.15,1664,1422,+617,44.11%,2022-09-22
RBLX,35.26,Put,36.5,2022-09-23,1,1.41,1.46,1.52,1.33,901,1531,+616,89.75%,2022-09-22
BBBY,7.09,Call,8,2022-09-30,8,0.35,0.38,0.4,0.38,2653,3263,+616,168.37%,2022-09-22
GOOGL,100.14,Call,101,2022-09-30,8,1.84,1.87,1.89,1.88,4056,1120,+616,38.08%,2022-09-22
FAZE,13.51,Put,12,2022-09-23,1,0.1,0.2,0.3,0.15,830,4649,+612,241.22%,2022-09-22
META,142.82,Put,137,2022-09-23,1,0.15,0.16,0.16,0.15,5441,1342,+610,56.61%,2022-09-22
BAC,32.5,Put,32,2022-09-23,1,0.11,0.13,0.14,0.14,7822,4965,+609,49.26%,2022-09-22
RIOT,6.34,Put,8,2023-01-20,120,2.77,2.82,2.86,2.88,585,2728,+609,120.23%,2022-09-22
RIVN,33.33,Put,35,2023-01-20,120,6.5,6.58,6.65,6.45,946,5122,+608,76.13%,2022-09-22
PFE,44.57,Put,45,2022-09-23,1,0.53,0.58,0.63,0.53,947,1885,+608,27.71%,2022-09-22
XPEV,13.74,Call,14,2022-09-30,8,0.52,0.54,0.55,0.55,1784,1015,+608,81.72%,2022-09-22
F,12.77,Call,15,2023-01-20,120,0.6,0.62,0.63,0.62,2027,115046,+608,47.43%,2022-09-22
DKNG,15.58,Put,15,2023-01-20,120,2.35,2.39,2.42,2.38,613,15680,+607,78.95%,2022-09-22
BYND,15.25,Put,20,2022-10-21,29,5.35,5.43,5.5,5.38,1088,4531,+606,116.59%,2022-09-22
F,12.77,Call,20,2024-01-19,484,0.75,0.78,0.8,0.76,1802,89457,+606,43.86%,2022-09-22
JNJ,166.18,Call,167.5,2022-09-23,1,0.31,0.38,0.45,0.37,3032,1613,+605,25.17%,2022-09-22
AMZN,117.31,Call,125,2022-09-30,8,0.54,0.55,0.57,0.57,8225,2869,+605,41.01%,2022-09-22
MSFT,240.98,Put,237.5,2022-09-30,8,3.35,3.43,3.5,3.4,4474,873,+603,35.20%,2022-09-22
PBR,13.82,Call,15.5,2022-10-21,29,0.26,0.32,0.37,0.3,525,641,+603,59.07%,2022-09-22
GOOG,100.57,Call,120,2022-10-21,29,0.15,0.18,0.2,0.19,748,9812,+603,35.90%,2022-09-22
GOOG,100.57,Put,99,2022-09-30,8,1.55,1.58,1.6,1.6,920,943,+600,39.36%,2022-09-22
XPEV,13.74,Call,15,2022-10-14,22,0.59,0.62,0.64,0.64,583,746,+599,82.34%,2022-09-22
VERU,10.67,Put,10.5,2022-09-23,1,0,0.13,0.25,0.2,547,1126,+598,125.35%,2022-09-22
BABA,80.71,Call,84,2022-09-30,8,1.23,1.26,1.29,1.28,812,632,+596,53.19%,2022-09-22
TSLA,288.59,Put,250,2022-09-30,8,0.6,0.62,0.63,0.62,10575,10566,+596,62.09%,2022-09-22
LEN,77.43,Call,80,2022-09-23,1,0.1,0.2,0.3,0.21,1305,1405,+595,61.96%,2022-09-22
PINS,23.21,Put,23.5,2022-09-23,1,0.53,0.59,0.65,0.41,683,1477,+593,88.26%,2022-09-22
BBBY,7.09,Call,80,2023-01-20,120,0.19,0.2,0.2,0.19,4308,126402,+592,206.90%,2022-09-22
F,12.77,Call,14,2022-11-18,57,0.49,0.51,0.52,0.5,748,2235,+590,48.06%,2022-09-22
SNAP,10.46,Put,10.5,2022-09-23,1,0.19,0.21,0.22,0.2,3061,7430,+587,82.09%,2022-09-22
SAVA,51.06,Call,40.5,2022-09-23,1,10.2,10.6,11,9.95,775,689,+586,215.35%,2022-09-22
F,12.77,Put,13,2022-10-21,29,0.79,0.8,0.81,0.79,2389,19243,+586,45.48%,2022-09-22
MARA,10.52,Put,10.5,2022-09-23,1,0.26,0.28,0.29,0.29,4300,2299,+584,136.82%,2022-09-22
TSLA,288.59,Put,300,2023-01-20,120,41.45,41.65,41.85,41.55,629,29316,+584,55.52%,2022-09-22
ENPH,283.63,Put,300,2022-09-23,1,15,16.08,17.15,15.16,1908,1972,+584,90.28%,2022-09-22
NIO,18.35,Call,60,2024-01-19,484,0.65,0.71,0.77,0.67,826,13526,+581,65.28%,2022-09-22
PFE,44.57,Put,42.5,2022-11-18,57,1.32,1.37,1.41,1.3,933,3089,+580,32.54%,2022-09-22
VZ,39.93,Call,40,2022-09-23,1,0.2,0.23,0.26,0.24,1109,774,+578,33.00%,2022-09-22
AAPL,152.74,Put,130,2022-10-21,29,0.81,0.82,0.83,0.82,6500,56420,+577,44.63%,2022-09-22
GOOG,100.57,Put,55,2025-01-17,848,2.45,2.73,3,2.45,1168,848,+576,38.63%,2022-09-22
AAPL,152.74,Put,142,2022-10-21,29,2.44,2.46,2.48,2.24,1708,1009,+573,39.38%,2022-09-22
TGT,152.96,Put,150,2022-12-16,85,9.95,10.05,10.15,10.15,614,16432,+572,39.87%,2022-09-22
GOOGL,100.14,Call,225,2024-06-21,638,0.86,1.1,1.34,1.04,1760,3622,+571,32.32%,2022-09-22
NIO,18.35,Call,65,2024-01-19,484,0.58,0.6,0.62,0.59,942,29511,+570,66.42%,2022-09-22
PDD,63.46,Call,66,2022-09-23,1,0.12,0.13,0.13,0.14,1012,793,+570,63.35%,2022-09-22
SRG,9.47,Put,10,2022-10-21,29,0.8,0.88,0.95,0.85,1317,1094,+567,50.83%,2022-09-22
DIS,102.16,Put,99,2022-09-23,1,0.12,0.13,0.13,0.12,780,1491,+566,47.26%,2022-09-22
AMZN,117.31,Put,128,2022-09-23,1,10.3,10.6,10.9,10.4,648,3083,+564,111.91%,2022-09-22
MARA,10.52,Call,12,2022-09-30,8,0.26,0.27,0.28,0.27,861,1583,+564,120.68%,2022-09-22
AMC,7.85,Call,9,2022-10-21,29,0.62,0.64,0.66,0.64,1367,3286,+564,118.68%,2022-09-22
NVDA,125.61,Put,128,2022-09-23,1,3.1,3.18,3.25,3.17,9684,2341,+563,65.05%,2022-09-22
AAPL,152.74,Put,150,2022-12-16,85,8.65,8.7,8.75,8.67,4184,51420,+562,35.34%,2022-09-22
GOOGL,100.14,Put,101,2022-10-21,29,4.35,4.43,4.5,4.23,584,761,+560,36.00%,2022-09-22
MSFT,240.98,Call,260,2022-10-14,22,1.55,1.59,1.63,1.6,792,1036,+560,30.85%,2022-09-22
MRK,87.51,Call,89,2022-10-21,29,1.62,1.68,1.74,1.68,910,614,+560,23.95%,2022-09-22
NIO,18.35,Call,20.5,2022-09-30,8,0.16,0.17,0.17,0.17,1425,2708,+560,73.33%,2022-09-22
NVDA,125.61,Put,112,2022-09-30,8,0.61,0.62,0.63,0.63,831,579,+559,64.57%,2022-09-22
SNAP,10.46,Put,11,2022-09-30,8,0.76,0.78,0.79,0.75,785,12763,+558,72.43%,2022-09-22
META,142.82,Put,143,2022-09-30,8,4.15,4.18,4.2,4.2,1513,704,+558,49.10%,2022-09-22
TSLA,288.59,Put,295,2022-09-30,8,11.6,11.73,11.85,11.85,9454,3204,+558,48.40%,2022-09-22
AAPL,152.74,Put,120,2022-10-21,29,0.33,0.34,0.34,0.32,2450,16275,+556,50.12%,2022-09-22
AAL,12.71,Put,14.5,2022-10-07,15,1.81,1.86,1.9,1.9,613,687,+555,60.36%,2022-09-22
SAVA,51.06,Call,41,2022-09-23,1,9.5,10.13,10.75,10.1,1775,787,+555,205.42%,2022-09-22
AMD,69.5,Put,60,2022-11-18,57,2.55,2.57,2.58,2.55,3422,4601,+553,61.53%,2022-09-22
FREY,15.37,Call,16,2022-11-18,57,1.65,1.7,1.75,1.7,790,637,+551,80.17%,2022-09-22
HOG,38.66,Put,35,2023-01-20,120,2.2,2.28,2.35,2.3,861,1946,+551,47.00%,2022-09-22
NVDA,125.61,Call,160,2022-10-21,29,0.47,0.49,0.5,0.51,3419,8973,+551,53.07%,2022-09-22
BAC,32.5,Call,34,2022-10-21,29,0.74,0.76,0.77,0.83,2810,19294,+549,36.95%,2022-09-22
TWTR,41.4,Put,30,2023-01-20,120,3.25,3.3,3.35,3.3,2884,98149,+548,97.92%,2022-09-22
PLTR,7.37,Call,11,2022-11-18,57,0.09,0.1,0.1,0.1,685,6634,+547,73.02%,2022-09-22
BYND,15.25,Call,16,2022-09-23,1,0.12,0.14,0.15,0.15,1884,740,+547,129.75%,2022-09-22
INTC,28.07,Call,30,2022-09-30,8,0.1,0.11,0.11,0.11,2297,4076,+547,39.94%,2022-09-22
XOM,90.57,Call,92,2022-09-23,1,0.23,0.26,0.28,0.26,4501,1390,+546,40.65%,2022-09-22
AMZN,117.31,Call,130,2022-09-30,8,0.14,0.16,0.17,0.17,9946,5283,+542,42.48%,2022-09-22
AMZN,117.31,Put,100,2022-11-18,57,2.68,2.7,2.72,2.69,1906,7600,+541,52.03%,2022-09-22
AMZN,117.31,Call,126,2022-10-21,29,2.23,2.26,2.3,2.32,909,1431,+540,40.19%,2022-09-22
TCDA,8.84,Put,5,2022-11-18,57,2.5,2.55,2.6,2.5,2677,7245,+540,440.67%,2022-09-22
TWTR,41.4,Call,50,2023-01-20,120,1.46,1.48,1.5,1.5,1723,130999,+539,42.61%,2022-09-22
TSLA,288.59,Put,220,2022-10-07,15,0.54,0.57,0.6,0.56,662,1813,+538,75.03%,2022-09-22
NVDA,125.61,Put,130,2022-10-21,29,10.25,10.3,10.35,10,1379,10247,+538,55.98%,2022-09-22
META,142.82,Put,265,2023-01-20,120,122.05,122.23,122.4,122.05,5750,3762,+538,63.63%,2022-09-22
TCOM,25.6,Call,26,2022-10-21,29,1.3,1.35,1.4,1.42,3691,889,+537,52.47%,2022-09-22
CIM,6.84,Put,8,2022-12-16,85,1.45,1.53,1.6,1.55,25125,32463,+537,46.99%,2022-09-22
MSFT,240.98,Call,255,2022-09-30,8,0.63,0.65,0.66,0.67,2900,3356,+537,31.57%,2022-09-22
WBD,12.01,Call,12,2022-09-23,1,0.18,0.2,0.21,0.19,1591,677,+535,73.64%,2022-09-22
BABA,80.71,Call,82,2022-09-23,1,0.45,0.47,0.49,0.48,4737,811,+528,58.46%,2022-09-22
RBLX,35.26,Call,50,2022-12-16,85,1.51,1.57,1.62,1.57,1176,1241,+527,78.73%,2022-09-22
TSLA,288.59,Put,270,2022-10-21,29,11.15,11.25,11.35,11,2944,14700,+527,61.58%,2022-09-22
TSLA,288.59,Call,666.67,2022-12-16,85,0.13,0.16,0.19,0.15,540,5328,+526,64.16%,2022-09-22
AAPL,152.74,Put,185,2022-10-21,29,32.15,32.3,32.45,31.83,1401,1531,+525,34.43%,2022-09-22
TGT,152.96,Put,157.5,2022-09-23,1,4.45,4.63,4.8,4.5,1178,1113,+524,49.41%,2022-09-22
MU,49.66,Call,52,2022-09-30,8,1.03,1.06,1.08,1.13,573,1925,+523,66.89%,2022-09-22
TSLA,288.59,Put,308.33,2022-09-30,8,21.25,21.43,21.6,20.4,866,1484,+523,46.03%,2022-09-22
BYND,15.25,Call,20,2022-10-21,29,0.41,0.44,0.46,0.41,1137,1831,+523,97.28%,2022-09-22
XPEV,13.74,Call,17.5,2023-01-20,120,1.3,1.33,1.35,1.34,1337,2245,+522,78.92%,2022-09-22
TSLA,288.59,Put,270,2022-09-30,8,2.48,2.53,2.58,2.54,10197,7115,+521,54.32%,2022-09-22
FDX,154.54,Call,162.5,2022-09-23,1,0.45,0.55,0.65,0.59,3420,1925,+520,92.26%,2022-09-22
GOOGL,100.14,Call,107.5,2022-10-21,29,1.37,1.4,1.43,1.53,501,10423,+520,34.34%,2022-09-22
BABA,80.71,Put,82,2022-09-23,1,1.6,1.66,1.71,1.63,1118,1501,+520,49.12%,2022-09-22
META,142.82,Call,145,2022-09-30,8,3.1,3.15,3.2,3.15,16143,2362,+519,48.47%,2022-09-22
AAPL,152.74,Call,155,2022-09-30,8,2.21,2.23,2.24,2.21,25867,10096,+517,35.12%,2022-09-22
AMZN,117.31,Put,165,2024-06-21,638,48.4,49.93,51.45,51.12,674,1144,+517,35.55%,2022-09-22
PYPL,87.66,Call,100,2022-10-21,29,1.2,1.25,1.29,1.25,1105,10609,+517,49.69%,2022-09-22
PLTR,7.37,Call,7,2022-09-30,8,0.51,0.52,0.53,0.54,1668,1099,+517,69.94%,2022-09-22
NFLX,237.05,Call,270,2022-09-30,8,0.46,0.49,0.51,0.48,642,1725,+513,54.82%,2022-09-22
NVDA,125.61,Call,140,2022-12-16,85,8.25,8.33,8.4,8.45,657,3590,+513,55.50%,2022-09-22
IRTC,129.42,Call,140,2022-10-21,29,4.7,5.1,5.5,4,594,512,+512,62.03%,2022-09-22
AAPL,152.74,Put,120,2023-01-20,120,2.42,2.44,2.46,2.41,1707,30326,+511,41.60%,2022-09-22
MARA,10.52,Put,11,2022-09-23,1,0.57,0.59,0.61,0.57,1740,2109,+511,117.48%,2022-09-22
GOOGL,100.14,Call,120,2022-11-18,57,0.77,0.8,0.84,0.81,1083,8775,+510,36.16%,2022-09-22
AMZN,117.31,Put,117,2022-09-30,8,2.82,2.84,2.87,2.83,9123,1196,+510,43.49%,2022-09-22
GOOGL,100.14,Put,98,2022-10-21,29,3.05,3.1,3.15,2.97,545,5659,+508,37.30%,2022-09-22
AMC,7.85,Call,20,2022-10-21,29,0.12,0.13,0.13,0.12,925,5340,+508,194.07%,2022-09-22
OXY,61.88,Call,70,2022-10-21,29,0.89,0.92,0.95,0.92,1289,11970,+507,48.65%,2022-09-22
BBBY,7.09,Call,60,2023-01-20,120,0.23,0.24,0.25,0.24,2318,40155,+507,197.27%,2022-09-22
AMD,69.5,Put,74,2022-09-30,8,5.2,5.25,5.3,5.1,1231,2265,+506,56.12%,2022-09-22
PFE,44.57,Call,50,2022-12-16,85,0.63,0.66,0.69,0.65,540,16194,+505,27.58%,2022-09-22
PLUG,23.94,Put,23,2022-10-21,29,1.71,1.73,1.74,1.7,563,550,+505,82.84%,2022-09-22
OPEN,3.04,Call,3,2022-09-30,8,0.2,0.21,0.22,0.22,6799,1513,+504,111.47%,2022-09-22
AAPL,152.74,Call,160,2022-10-21,29,2.94,2.97,3,2.99,9438,51482,+504,33.31%,2022-09-22
SCS,8.31,Call,7.5,2022-10-21,29,0.8,0.9,1,0.75,501,504,+504,43.04%,2022-09-22
MSFT,240.98,Call,242.5,2022-10-21,29,8.2,8.27,8.35,8.25,547,1183,+504,32.68%,2022-09-22
SFIX,4.18,Put,4.5,2022-09-30,8,0.4,0.44,0.48,0.45,920,1527,+504,100.41%,2022-09-22
CHNG,27.26,Put,26,2022-10-21,29,0,0.1,0.2,0.1,540,1685,+503,16.91%,2022-09-22
PDD,63.46,Put,61,2022-09-23,1,0.13,0.16,0.18,0.15,752,762,+503,68.25%,2022-09-22
PINS,23.21,Call,25,2022-10-07,15,0.78,0.84,0.9,1.03,766,745,+502,80.56%,2022-09-22
WBA,33.32,Call,33.5,2022-09-30,8,0.54,0.57,0.59,0.6,1317,596,+502,33.50%,2022-09-22
OXY,61.88,Call,65,2022-09-30,8,0.64,0.68,0.71,0.68,3388,1680,+502,48.77%,2022-09-22
INTC,28.07,Call,30,2023-01-20,120,1.64,1.65,1.66,1.65,588,13452,+501,38.84%,2022-09-22
FAZE,13.51,Put,12,2022-09-30,8,0.95,1.2,1.45,1.25,597,1224,+501,255.82%,2022-09-22
GME,24.7,Put,27,2022-09-23,1,2.22,2.45,2.68,2.29,828,1981,+501,221.71%,2022-09-22
AMPY,6.58,Call,10,2022-11-18,57,0.05,0.23,0.4,0.15,500,1160,+500,86.53%,2022-09-22
GME,24.7,Put,21,2022-09-30,8,0.24,0.27,0.29,0.24,941,876,+500,101.19%,2022-09-22
AAPL,152.74,Put,260,2025-01-17,848,105.3,106.93,108.55,105.59,1002,1000,+500,36.33%,2022-09-22
HOOD,9.65,Call,9.5,2022-10-21,29,0.9,0.92,0.94,0.96,1007,1502,+500,77.64%,2022-09-22
SNOW,171.79,Call,185,2022-09-23,1,0.1,0.13,0.15,0.11,1016,1121,+500,79.27%,2022-09-22
ATVI,77.03,Call,77.5,2022-12-16,85,2.82,3.21,3.6,3,1505,830,+500,20.64%,2022-09-22
NIO,18.35,Call,20,2022-11-18,57,1.46,1.48,1.51,1.52,1965,4932,+499,72.57%,2022-09-22
KR,45.5,Call,44,2022-09-23,1,1.4,1.5,1.6,1.6,500,500,+498,59.47%,2022-09-22
META,142.82,Call,138,2022-09-23,1,4.95,5.05,5.15,6.3,532,579,+498,54.44%,2022-09-22
CSGP,70.1,Put,60,2023-01-20,120,1.9,2.03,2.15,2,942,5322,+498,39.71%,2022-09-22
PLTR,7.37,Put,7,2022-10-21,29,0.36,0.37,0.37,0.37,1393,8390,+495,66.94%,2022-09-22
PINS,23.21,Call,25,2022-09-30,8,0.51,0.53,0.54,0.5,2793,3757,+494,85.25%,2022-09-22
IBM,125.31,Call,140,2022-10-21,29,0.52,0.54,0.57,0.57,6516,8649,+491,31.55%,2022-09-22
INTC,28.07,Call,28.5,2022-09-23,1,0.1,0.11,0.11,0.12,13439,2335,+491,45.25%,2022-09-22
F,12.77,Call,15,2022-10-21,29,0.11,0.11,0.12,0.11,789,8161,+491,48.74%,2022-09-22
DOW,44.77,Put,44,2022-10-21,29,1.51,1.55,1.59,1.55,1087,729,+491,37.24%,2022-09-22
OXY,61.88,Call,68,2022-09-30,8,0.21,0.22,0.24,0.23,870,1166,+489,49.82%,2022-09-22
FUBO,3.92,Put,4,2022-09-30,8,0.31,0.32,0.32,0.31,1319,1454,+489,115.23%,2022-09-22
AMC,7.85,Put,7,2022-11-18,57,1.04,1.06,1.08,1.08,1747,1723,+489,127.84%,2022-09-22
AAPL,152.74,Put,162.5,2022-09-23,1,9.65,9.8,9.95,9.4,675,6086,+488,59.92%,2022-09-22
XOM,90.57,Put,92,2022-09-23,1,1.53,1.65,1.76,1.53,763,3125,+486,27.94%,2022-09-22
BABA,80.71,Put,78,2022-09-23,1,0.11,0.12,0.13,0.11,2192,1182,+486,52.31%,2022-09-22
ACN,262.32,Put,265,2022-09-23,1,2.75,3.28,3.8,2.49,745,600,+484,28.94%,2022-09-22
AAPL,152.74,Put,135,2022-11-18,57,3.1,3.13,3.15,3.09,3279,20228,+484,42.42%,2022-09-22
GOOGL,100.14,Call,105,2022-11-18,57,4.1,4.18,4.25,4.15,9406,22102,+484,37.93%,2022-09-22
AMZN,117.31,Call,121,2022-09-30,8,1.46,1.49,1.52,1.51,1996,1687,+483,42.36%,2022-09-22
ICPT,15.24,Call,17.5,2022-10-21,29,1.25,1.45,1.65,1.42,2066,1694,+482,129.75%,2022-09-22
MSFT,240.98,Call,240,2022-09-30,8,5.35,5.4,5.45,5.5,4344,2001,+479,34.22%,2022-09-22
META,142.82,Put,144,2022-09-23,1,2.26,2.3,2.34,2.21,4274,1938,+478,55.04%,2022-09-22
META,142.82,Put,142,2022-09-23,1,1.24,1.26,1.27,1.27,13293,1150,+478,55.53%,2022-09-22
BABA,80.71,Put,83,2022-09-23,1,2.22,2.36,2.5,2.11,1059,2545,+478,40.20%,2022-09-22
AMZN,117.31,Call,145,2023-01-20,120,2.67,2.72,2.77,2.8,1243,26187,+477,38.04%,2022-09-22
MOS,52.52,Put,55,2022-10-21,29,4.3,4.48,4.65,4.35,585,2353,+476,49.35%,2022-09-22
PYPL,87.66,Call,94,2022-09-30,8,0.62,0.65,0.68,0.66,1097,943,+476,50.85%,2022-09-22
RTX,83.45,Put,85,2022-11-18,57,4.8,4.9,5,4.67,1538,6357,+475,30.86%,2022-09-22
NLY,5.87,Put,6,2022-09-23,1,0.12,0.14,0.15,0.12,1118,1573,+474,51.24%,2022-09-22
UAL,34.45,Put,34.5,2022-09-30,8,1.13,1.17,1.2,1.11,985,671,+473,56.40%,2022-09-22
SWBI,10.33,Call,12.5,2022-10-21,29,0.1,0.13,0.15,0.11,1603,18700,+473,58.06%,2022-09-22
AAPL,152.74,Put,143,2022-09-30,8,0.65,0.66,0.67,0.66,1641,2077,+473,41.70%,2022-09-22
MSFT,240.98,Call,242.5,2022-09-23,1,1.1,1.16,1.21,1.13,23804,2341,+472,35.36%,2022-09-22
TSLA,288.59,Put,288.33,2022-09-23,1,2.81,2.9,2.99,2.89,45831,5062,+471,50.25%,2022-09-22
TSLA,288.59,Call,306.67,2022-09-30,8,2,2.07,2.13,2.17,3968,2216,+470,45.78%,2022-09-22
NVDA,125.61,Put,130,2022-09-30,8,6.75,6.8,6.85,6.57,5465,6819,+470,56.84%,2022-09-22
GOOGL,100.14,Call,105,2022-10-14,22,1.61,1.65,1.69,1.85,767,1050,+469,35.03%,2022-09-22
BLUE,5.97,Call,7.5,2022-10-21,29,0.3,0.35,0.4,0.35,796,8488,+468,122.08%,2022-09-22
AMC,7.85,Call,10,2022-09-30,8,0.12,0.13,0.13,0.13,3058,5160,+468,147.28%,2022-09-22
XOM,90.57,Call,96,2022-09-30,8,0.26,0.29,0.31,0.4,2051,1591,+465,34.04%,2022-09-22
TWTR,41.4,Call,52.5,2022-12-16,85,0.26,0.33,0.4,0.3,738,4544,+464,34.82%,2022-09-22
DKNG,15.58,Call,17,2022-09-30,8,0.25,0.26,0.27,0.26,1713,1037,+464,79.95%,2022-09-22
TSLA,288.59,Call,295,2022-09-23,1,0.78,0.79,0.8,0.78,113282,3219,+463,48.12%,2022-09-22
MARA,10.52,Put,10.5,2022-09-30,8,0.74,0.76,0.77,0.76,1440,1886,+462,124.63%,2022-09-22
F,12.77,Call,14,2022-10-07,15,0.13,0.14,0.14,0.14,2237,2634,+462,51.11%,2022-09-22
AMD,69.5,Put,73,2022-09-23,1,3.4,3.58,3.75,3.4,13100,4846,+460,89.52%,2022-09-22
BEKE,16.76,Put,15,2022-10-21,29,0.49,0.52,0.55,0.49,1956,9258,+458,65.89%,2022-09-22
CZR,37.62,Call,55,2022-12-16,85,0.77,0.83,0.88,0.87,516,1360,+456,66.50%,2022-09-22
SBUX,84.7,Put,77,2022-09-30,8,0.14,0.15,0.16,0.19,625,572,+456,42.91%,2022-09-22
REV,6,Call,35,2023-01-20,120,0.7,0.73,0.75,0.7,2581,52750,+456,230.01%,2022-09-22
META,142.82,Put,142,2022-09-30,8,3.65,3.7,3.75,3.74,2292,735,+453,49.57%,2022-09-22
GOOGL,100.14,Call,102,2022-09-30,8,1.43,1.46,1.49,1.46,2381,2572,+453,37.70%,2022-09-22
XPEV,13.74,Call,13.5,2022-09-30,8,0.75,0.78,0.8,0.8,726,859,+451,83.28%,2022-09-22
META,142.82,Call,175,2022-11-18,57,2.78,2.81,2.84,2.89,1912,5954,+451,51.71%,2022-09-22
BYND,15.25,Call,17,2022-09-30,8,0.32,0.33,0.35,0.35,1176,624,+450,103.71%,2022-09-22
MU,49.66,Call,52,2022-10-21,29,1.97,2,2.03,2.2,2129,602,+449,52.67%,2022-09-22
BHF,46.91,Put,45,2022-10-21,29,1.25,1.35,1.45,1.25,503,1510,+448,40.59%,2022-09-22
F,12.77,Call,13,2022-09-30,8,0.26,0.27,0.28,0.26,7835,2024,+447,48.09%,2022-09-22
AAPL,152.74,Put,144,2022-09-30,8,0.78,0.79,0.8,0.73,2319,2152,+446,41.12%,2022-09-22
NVDA,125.61,Put,121,2022-09-23,1,0.37,0.38,0.39,0.34,3431,1231,+445,71.25%,2022-09-22
MU,49.66,Put,50,2022-09-23,1,0.77,0.79,0.82,0.76,4596,2372,+444,58.73%,2022-09-22
TGT,152.96,Put,155,2022-09-30,8,4.4,4.5,4.6,4,504,1327,+444,37.15%,2022-09-22
AMZN,117.31,Call,126,2022-09-30,8,0.42,0.43,0.44,0.44,3142,1767,+444,40.97%,2022-09-22
BBBY,7.09,Call,9,2022-09-30,8,0.19,0.21,0.22,0.21,1782,3611,+443,178.33%,2022-09-22
VLO,107.59,Call,120,2022-10-21,29,1.51,1.57,1.63,1.6,691,3495,+441,45.81%,2022-09-22
MSFT,240.98,Call,260,2022-09-30,8,0.29,0.3,0.31,0.31,1986,2872,+441,32.77%,2022-09-22
PCT,8.23,Call,10,2023-01-20,120,1.2,1.23,1.25,1.21,534,14256,+440,94.43%,2022-09-22
PLTR,7.37,Put,7.5,2022-09-30,8,0.35,0.37,0.38,0.35,1096,2404,+440,64.30%,2022-09-22
PLTR,7.37,Call,8,2022-10-21,29,0.29,0.3,0.3,0.3,1929,13213,+440,64.30%,2022-09-22
TSM,75.63,Call,78,2022-09-30,8,0.69,0.72,0.74,0.77,520,549,+439,35.96%,2022-09-22
PYPL,87.66,Put,75,2022-10-21,29,1.23,1.26,1.28,1.23,1501,10029,+439,58.91%,2022-09-22
VZ,39.93,Put,40,2022-09-23,1,0.25,0.29,0.32,0.27,3683,3301,+439,27.68%,2022-09-22
BBBY,7.09,Call,7.5,2022-09-23,1,0.1,0.11,0.11,0.11,8080,1840,+439,174.82%,2022-09-22
NFLX,237.05,Put,240,2022-09-30,8,8.95,9.08,9.2,8.75,990,1041,+438,53.76%,2022-09-22
CLF,14.1,Call,16,2022-10-21,29,0.42,0.44,0.45,0.44,1258,3800,+438,67.57%,2022-09-22
BABA,80.71,Call,95,2022-09-30,8,0.12,0.13,0.14,0.13,586,1820,+436,62.59%,2022-09-22
NVDA,125.61,Put,118,2022-09-30,8,1.63,1.65,1.66,1.62,709,535,+436,62.19%,2022-09-22
BAC,32.5,Put,34,2022-09-30,8,1.61,1.71,1.8,1.63,654,2347,+435,30.83%,2022-09-22
ARDX,1.19,Call,1.5,2023-01-20,120,0.35,0.43,0.5,0.41,976,8193,+435,187.35%,2022-09-22
SNAP,10.46,Put,13,2022-10-21,29,2.8,2.83,2.86,2.75,1043,3607,+435,88.45%,2022-09-22
ETSY,97.49,Put,95,2022-09-23,1,0.54,0.62,0.69,0.44,601,1701,+434,77.36%,2022-09-22
DHI,70.95,Put,75,2022-09-23,1,3.9,4.05,4.2,4.4,510,1059,+433,35.12%,2022-09-22
RBLX,35.26,Call,37,2022-09-23,1,0.13,0.15,0.16,0.15,784,1271,+433,93.05%,2022-09-22
GOOGL,100.14,Put,101,2022-09-30,8,2.64,2.67,2.7,2.63,2991,1430,+433,37.71%,2022-09-22
AMC,7.85,Call,8,2022-09-23,1,0.15,0.16,0.16,0.15,11407,2389,+433,130.92%,2022-09-22
WFC,41.52,Put,42,2022-09-23,1,0.67,0.7,0.73,0.62,977,1845,+432,47.76%,2022-09-22
PFE,44.57,Put,40,2022-11-18,57,0.69,0.73,0.76,0.68,572,2162,+431,34.82%,2022-09-22
BABA,80.71,Call,90,2022-10-07,15,0.67,0.71,0.74,0.73,573,1012,+431,52.40%,2022-09-22
NVDA,125.61,Put,135,2022-09-30,8,10.35,10.43,10.5,10.02,875,4740,+431,54.71%,2022-09-22
NKLA,4.08,Call,4,2022-09-23,1,0.12,0.14,0.15,0.15,2146,601,+430,124.53%,2022-09-22
BBBY,7.09,Put,6.5,2022-09-30,8,0.38,0.4,0.41,0.41,2844,3643,+430,166.23%,2022-09-22
AFRM,20,Put,22.5,2022-09-30,8,2.85,2.88,2.91,2.86,593,618,+429,98.65%,2022-09-22
NVDA,125.61,Put,119,2022-09-30,8,1.88,1.9,1.92,1.88,672,725,+429,61.49%,2022-09-22
MDB,198.2,Put,200,2022-09-23,1,3.8,4.15,4.5,3.95,856,629,+429,71.45%,2022-09-22
INTC,28.07,Call,35,2022-12-16,85,0.28,0.29,0.29,0.3,1548,17959,+429,37.49%,2022-09-22
AXP,143.03,Put,135,2022-10-21,29,3.35,3.48,3.6,3.4,2528,1526,+429,42.88%,2022-09-22
AMZN,117.31,Put,115,2022-09-23,1,0.37,0.38,0.39,0.39,21173,6896,+429,49.98%,2022-09-22
BAC,32.5,Call,34.5,2022-09-30,8,0.09,0.1,0.1,0.1,1001,1775,+428,34.31%,2022-09-22
ABNB,103.72,Put,108,2022-09-23,1,4.15,4.48,4.8,3.75,1262,744,+428,64.35%,2022-09-22
MARA,10.52,Call,12.5,2022-09-30,8,0.18,0.19,0.19,0.18,1896,1433,+427,120.02%,2022-09-22
SHOP,28.57,Call,35,2022-09-30,8,0.09,0.1,0.1,0.1,1216,4174,+425,86.82%,2022-09-22
MSFT,240.98,Put,245,2022-09-23,1,3.9,4.55,5.2,4.41,2691,3627,+425,33.54%,2022-09-22
AVCT,0.3118,Call,0.5,2022-12-16,85,0.15,0.18,0.2,0.19,4697,8631,+425,417.47%,2022-09-22
AAPL,152.74,Call,160,2022-10-14,22,2.29,2.32,2.34,2.31,1496,2901,+423,33.27%,2022-09-22
TSLA,288.59,Call,310,2022-10-07,15,4.55,4.7,4.85,4.77,2274,1632,+423,52.19%,2022-09-22
AAPL,152.74,Call,167.5,2022-10-07,15,0.33,0.34,0.35,0.37,579,3254,+422,31.33%,2022-09-22
DIS,102.16,Call,107,2022-10-21,29,2.19,2.24,2.28,2.23,1713,477,+422,35.29%,2022-09-22
TSLA,288.59,Call,345,2022-09-30,8,0.1,0.11,0.12,0.1,1722,2422,+422,53.04%,2022-09-22
SHOP,28.57,Put,29.5,2022-09-23,1,1.14,1.17,1.19,1.13,2198,1471,+422,96.98%,2022-09-22
NVDA,125.61,Call,140,2022-10-21,29,2.83,2.84,2.86,2.88,3154,6099,+422,53.77%,2022-09-22
FDX,154.54,Call,160,2022-09-23,1,0.9,0.95,1,0.98,9902,2044,+422,89.49%,2022-09-22
PARA,20.87,Call,22,2022-09-30,8,0.22,0.24,0.26,0.23,649,903,+421,51.06%,2022-09-22
UPST,21.31,Call,40,2022-10-21,29,0.18,0.19,0.19,0.19,658,21906,+421,130.41%,2022-09-22
DWAC,16.92,Put,16,2022-09-23,1,0.32,0.36,0.4,0.32,1002,466,+421,199.19%,2022-09-22
GOOGL,100.14,Put,90,2022-10-21,29,1.05,1.07,1.09,1.05,2772,6376,+421,41.37%,2022-09-22
PYPL,87.66,Put,89,2022-10-21,29,5.8,5.88,5.95,5.9,533,654,+420,53.25%,2022-09-22
SNAP,10.46,Call,13,2023-01-20,120,0.98,1,1.01,1.04,839,6002,+420,74.55%,2022-09-22
TSLA,288.59,Call,300,2022-09-30,8,3.6,3.65,3.7,3.7,29354,7452,+419,46.73%,2022-09-22
INTC,28.07,Call,29,2022-09-30,8,0.28,0.29,0.3,0.3,1755,1783,+417,39.72%,2022-09-22
NIO,18.35,Call,18,2022-09-23,1,0.51,0.53,0.54,0.54,2420,1282,+416,88.44%,2022-09-22
GOOGL,100.14,Call,99,2022-09-23,1,1.53,1.6,1.67,1.84,2451,687,+416,44.00%,2022-09-22
BAC,32.5,Call,33,2022-09-30,8,0.45,0.46,0.47,0.47,3853,3824,+416,35.80%,2022-09-22
AMD,69.5,Call,100,2022-12-16,85,0.66,0.68,0.7,0.7,3968,7036,+416,51.68%,2022-09-22
VZ,39.93,Put,39,2022-11-18,57,1.35,1.4,1.44,1.36,692,1577,+412,27.30%,2022-09-22
MU,49.66,Put,45,2022-10-21,29,1.29,1.32,1.34,1.3,1181,24106,+412,58.44%,2022-09-22
MSFT,240.98,Put,230,2022-09-30,8,1.45,1.48,1.5,1.48,1863,1535,+412,37.81%,2022-09-22
UPST,21.31,Put,21,2022-09-30,8,1.16,1.19,1.22,1.2,526,677,+410,108.50%,2022-09-22
BA,138.71,Put,135,2022-10-21,29,5.4,5.5,5.6,5.4,771,3588,+410,46.84%,2022-09-22
AMD,69.5,Call,82,2022-09-30,8,0.08,0.08,0.09,0.1,919,2965,+410,60.25%,2022-09-22
AMD,69.5,Call,78,2022-09-30,8,0.24,0.25,0.25,0.24,2517,2393,+410,56.54%,2022-09-22
NVDA,125.61,Put,127,2022-09-23,1,2.48,2.52,2.56,2.35,15898,2080,+410,66.04%,2022-09-22
TSLA,288.59,Put,271.67,2022-09-23,1,0.14,0.16,0.17,0.15,4244,2857,+409,65.50%,2022-09-22
COIN,62.94,Put,65,2022-09-30,8,4.75,4.9,5.05,4.8,1057,1204,+409,97.95%,2022-09-22
GOOGL,100.14,Call,107,2022-09-30,8,0.32,0.33,0.35,0.35,2119,1866,+409,38.06%,2022-09-22
AAPL,152.74,Put,157.5,2022-09-23,1,4.75,4.85,4.95,4.7,3314,7556,+408,39.29%,2022-09-22
AAPL,152.74,Put,130,2022-12-16,85,3.1,3.13,3.15,3.05,1659,12641,+407,41.01%,2022-09-22
DIS,102.16,Call,104,2022-09-23,1,0.22,0.25,0.28,0.25,676,678,+405,40.83%,2022-09-22
AAPL,152.74,Call,157.5,2022-10-21,29,3.9,3.95,4,3.95,1831,1503,+405,34.15%,2022-09-22
AMZN,117.31,Put,116,2022-09-23,1,0.62,0.64,0.66,0.64,22295,2190,+402,48.60%,2022-09-22
XPEV,13.74,Call,20,2023-01-20,120,0.82,0.85,0.88,0.84,830,7459,+402,77.61%,2022-09-22
AMD,69.5,Call,76,2022-10-21,29,1.85,1.87,1.88,1.91,1144,734,+401,52.95%,2022-09-22
SQ,55.93,Put,57,2022-09-23,1,1.56,1.61,1.66,1.57,1494,1032,+401,79.91%,2022-09-22
GOLD,15.07,Call,20,2024-01-19,484,1.2,1.23,1.25,1.23,893,31918,+400,38.37%,2022-09-22
LCID,14.31,Put,14.5,2022-09-23,1,0.38,0.41,0.43,0.4,8088,1889,+399,98.37%,2022-09-22
TSLA,288.59,Put,210,2022-10-07,15,0.35,0.38,0.4,0.37,990,1319,+399,79.98%,2022-09-22
T,16.24,Put,16,2022-09-30,8,0.13,0.14,0.15,0.14,2602,1481,+399,24.76%,2022-09-22
AMZN,117.31,Put,100,2022-12-16,85,3.6,3.63,3.65,3.5,902,19357,+397,48.87%,2022-09-22
JD,53.47,Put,52,2022-09-23,1,0.12,0.14,0.15,0.15,1128,937,+396,57.32%,2022-09-22
DKNG,15.58,Put,17,2022-09-23,1,1.36,1.43,1.5,1.45,1668,4467,+396,113.77%,2022-09-22
GOOG,100.57,Call,102,2022-09-23,1,0.35,0.38,0.4,0.35,4024,1577,+396,41.88%,2022-09-22
TCDA,8.84,Put,7.5,2022-11-18,57,3.8,4.15,4.5,4.1,1375,2587,+393,411.53%,2022-09-22
GIS,80.78,Put,77.5,2022-10-21,29,1,1.05,1.1,1,2991,754,+393,25.50%,2022-09-22
SQ,55.93,Put,57,2022-09-30,8,2.91,2.96,3,2.84,656,501,+391,71.92%,2022-09-22
GILD,63.77,Call,70,2022-10-21,29,0.12,0.15,0.17,0.16,806,7950,+390,23.83%,2022-09-22
NVDA,125.61,Put,116,2022-09-30,8,1.2,1.21,1.23,1.18,639,468,+388,62.92%,2022-09-22
AMZN,117.31,Put,110,2022-09-30,8,0.75,0.77,0.78,0.77,5130,4515,+388,47.49%,2022-09-22
AMZN,117.31,Put,118,2022-10-21,29,5.8,5.85,5.9,5.8,6241,669,+387,41.98%,2022-09-22
XPEV,13.74,Call,16,2022-09-30,8,0.12,0.13,0.14,0.13,1211,1363,+387,91.04%,2022-09-22
GOOGL,100.14,Put,98,2022-09-23,1,0.24,0.25,0.25,0.25,5696,3093,+385,46.74%,2022-09-22
FREY,15.37,Put,14,2022-10-21,29,0.7,0.73,0.75,0.75,603,2147,+384,80.99%,2022-09-22
NIO,18.35,Call,22,2022-12-16,85,1.31,1.34,1.36,1.36,1528,4868,+384,72.12%,2022-09-22
LCID,14.31,Put,15.5,2022-09-23,1,1.15,1.23,1.3,1.16,1998,1944,+384,158.66%,2022-09-22
TELL,2.77,Call,3,2022-10-21,29,0.2,0.23,0.25,0.24,590,6106,+383,105.51%,2022-09-22
DVN,63.12,Call,65,2022-09-30,8,1.18,1.25,1.31,1.29,2033,1052,+383,55.29%,2022-09-22
GME,24.7,Put,25,2022-09-23,1,0.66,0.72,0.78,0.67,2945,4507,+383,97.68%,2022-09-22
ORCL,66.03,Call,75,2022-10-21,29,0.14,0.15,0.15,0.15,784,18021,+382,29.06%,2022-09-22
AMD,69.5,Call,90,2022-12-16,85,1.56,1.59,1.61,1.62,1106,3566,+382,51.60%,2022-09-22
AAPL,152.74,Put,139,2022-09-30,8,0.32,0.33,0.33,0.29,690,1123,+380,44.51%,2022-09-22
LI,24.23,Call,24,2022-09-23,1,0.5,0.54,0.58,0.69,871,1407,+380,82.22%,2022-09-22
F,12.77,Call,16,2022-12-16,85,0.26,0.27,0.27,0.28,1180,33207,+380,47.25%,2022-09-22
TSLA,288.59,Call,320,2022-10-21,29,6.7,6.8,6.9,6.97,1828,7700,+378,53.36%,2022-09-22
AMD,69.5,Call,80,2022-10-21,29,0.99,1,1.01,1,5819,47075,+376,51.94%,2022-09-22
GOOG,100.57,Put,98,2022-09-30,8,1.2,1.25,1.3,1.23,515,1426,+376,39.33%,2022-09-22
ET,11.32,Put,11,2022-10-07,15,0.18,0.2,0.22,0.16,516,1041,+376,36.30%,2022-09-22
MSFT,240.98,Put,212.5,2022-09-30,8,0.13,0.26,0.38,0.2,618,382,+376,46.27%,2022-09-22
GOOG,100.57,Call,103,2022-09-23,1,0.15,0.18,0.2,0.18,2269,2711,+376,43.76%,2022-09-22
AAPL,152.74,Call,155,2022-10-07,15,3.3,3.35,3.4,3.4,3242,2718,+376,35.32%,2022-09-22
META,142.82,Call,143,2022-09-23,1,1.51,1.54,1.57,1.55,20781,600,+375,54.76%,2022-09-22
NCLH,14.39,Put,14.5,2022-09-23,1,0.29,0.31,0.33,0.29,7731,3034,+374,76.70%,2022-09-22
AMZN,117.31,Put,114,2022-09-23,1,0.2,0.22,0.23,0.18,10951,4145,+374,50.42%,2022-09-22
BTI,39.07,Put,40,2022-10-21,29,1.75,1.9,2.05,1.8,516,2588,+374,27.06%,2022-09-22
NIO,18.35,Put,18.5,2022-09-23,1,0.36,0.38,0.4,0.37,9200,3270,+373,75.24%,2022-09-22
AAPL,152.74,Put,149,2022-09-23,1,0.23,0.24,0.24,0.24,27408,16719,+373,43.50%,2022-09-22
AMZN,117.31,Call,132,2022-10-21,29,1,1.03,1.05,1.07,832,798,+371,39.05%,2022-09-22
MSFT,240.98,Call,270,2022-10-21,29,0.92,0.95,0.97,0.97,1304,15124,+371,30.46%,2022-09-22
META,142.82,Call,142,2022-09-23,1,2.03,2.07,2.1,2.05,24882,587,+370,53.86%,2022-09-22
AMD,69.5,Put,75,2022-09-30,8,6,6.05,6.1,5.77,1434,6126,+370,55.81%,2022-09-22
BAC,32.5,Put,33,2022-10-21,29,1.6,1.62,1.63,1.47,2134,33482,+370,36.66%,2022-09-22
BABA,80.71,Call,85,2022-09-30,8,0.96,1,1.03,1,3018,1398,+370,52.92%,2022-09-22
AAPL,152.74,Put,141,2022-10-21,29,2.24,2.26,2.27,2.17,1505,656,+369,39.81%,2022-09-22
CCL,9.64,Put,8.5,2022-09-30,8,0.13,0.14,0.14,0.14,1844,1440,+369,98.31%,2022-09-22
TSLA,288.59,Call,316.67,2022-09-30,8,0.81,0.84,0.87,0.83,3317,2558,+368,45.99%,2022-09-22
TCOM,25.6,Call,27,2022-10-21,29,0.9,0.98,1.05,1.01,533,2561,+367,54.04%,2022-09-22
META,142.82,Put,240,2024-06-21,638,99.45,99.8,100.15,98.73,686,774,+366,42.79%,2022-09-22
XPEV,13.74,Call,15,2022-11-18,57,1.2,1.23,1.25,1.25,1576,1372,+365,79.38%,2022-09-22
META,142.82,Call,149,2022-09-23,1,0.14,0.15,0.15,0.15,5527,2136,+364,56.68%,2022-09-22
F,12.77,Call,13,2022-12-16,85,1.06,1.08,1.09,1.08,593,8692,+364,49.38%,2022-09-22
VZ,39.93,Call,40,2022-10-21,29,0.98,1,1.01,1.01,1010,6560,+364,24.46%,2022-09-22
AAPL,152.74,Put,140,2022-12-16,85,5.3,5.32,5.35,5.32,1693,14883,+363,38.10%,2022-09-22
AMZN,117.31,Call,121,2022-09-23,1,0.14,0.15,0.16,0.15,10108,3896,+362,47.32%,2022-09-22
GOOG,100.57,Call,107,2022-09-30,8,0.3,0.35,0.4,0.4,3309,1211,+362,37.81%,2022-09-22
AMZN,117.31,Put,118,2023-01-20,120,10.9,10.95,11,10.9,761,1850,+361,41.51%,2022-09-22
KBH,26.6,Put,25,2022-10-21,29,0.7,0.75,0.8,0.73,1121,8011,+361,47.90%,2022-09-22
FUBO,3.92,Put,4,2022-10-28,36,0.6,0.64,0.67,0.64,543,484,+360,122.59%,2022-09-22
SNAP,10.46,Put,6,2022-11-18,57,0.14,0.15,0.16,0.16,951,1813,+360,110.33%,2022-09-22
AMD,69.5,Call,95,2022-10-21,29,0.12,0.13,0.13,0.12,1281,9593,+359,56.13%,2022-09-22
STLA,12.78,Call,15,2024-01-19,484,1.3,1.48,1.65,1.4,734,5511,+358,33.07%,2022-09-22
COIN,62.94,Put,67,2022-09-23,1,4.1,4.3,4.5,4.1,1502,3076,+358,69.99%,2022-09-22
MSFT,240.98,Call,250,2022-10-21,29,4.85,4.93,5,5,1783,9301,+358,31.51%,2022-09-22
LIN,274.07,Put,230,2022-10-21,29,0.95,1.03,1.1,1.05,513,1709,+357,43.55%,2022-09-22
SAVA,51.06,Call,56,2022-09-23,1,1.18,1.75,2.32,1.67,677,357,+357,324.01%,2022-09-22
AAPL,152.74,Put,143,2022-10-21,29,2.68,2.7,2.71,2.57,1966,621,+357,39.06%,2022-09-22
TCDA,8.84,Put,5,2022-10-21,29,1.15,1.35,1.55,1.3,2162,6052,+357,390.69%,2022-09-22
BBBY,7.09,Put,5,2022-10-21,29,0.3,0.32,0.34,0.32,1275,7136,+356,157.88%,2022-09-22
XOM,90.57,Put,91,2022-09-23,1,0.94,1.01,1.07,1.01,1553,1348,+355,40.83%,2022-09-22
WMT,133.39,Call,60,2023-06-16,267,73.95,74.18,74.4,73.94,736,1442,+354,53.62%,2022-09-22
UBER,28.58,Call,40,2022-11-18,57,0.25,0.27,0.29,0.28,1072,17093,+354,59.41%,2022-09-22
F,12.77,Call,14,2023-06-16,267,1.46,1.49,1.52,1.49,3817,354,+354,46.48%,2022-09-22
AAPL,152.74,Put,150,2022-10-07,15,3.2,3.25,3.3,3.2,5228,5841,+354,36.59%,2022-09-22
LAZR,7.86,Call,10,2022-11-18,57,0.47,0.48,0.48,0.47,25880,1904,+353,89.81%,2022-09-22
PFE,44.57,Put,45,2022-10-21,29,1.57,1.6,1.62,1.56,562,10518,+353,26.79%,2022-09-22
DKNG,15.58,Call,20,2022-10-21,29,0.25,0.26,0.27,0.26,2815,8140,+353,78.86%,2022-09-22
AMD,69.5,Call,76,2022-09-30,8,0.43,0.44,0.45,0.46,2079,2065,+352,56.15%,2022-09-22
META,142.82,Put,130,2022-10-21,29,3,3.05,3.1,3.1,3087,4657,+352,52.17%,2022-09-22
TSLA,288.59,Call,330,2022-10-21,29,4.6,4.68,4.75,4.76,1945,5683,+351,52.70%,2022-09-22
META,142.82,Call,148,2022-09-30,8,2.05,2.08,2.1,2.07,2643,918,+351,48.12%,2022-09-22
FREY,15.37,Put,15,2022-10-21,29,1.15,1.2,1.25,1.2,963,380,+350,81.56%,2022-09-22
AMD,69.5,Put,75,2022-10-21,29,7.45,7.48,7.5,7.34,2951,32869,+350,52.44%,2022-09-22
F,12.77,Put,12,2022-09-30,8,0.1,0.11,0.11,0.11,1326,1189,+349,51.23%,2022-09-22
NIO,18.35,Put,17.5,2022-10-21,29,1.05,1.06,1.07,1.07,563,13794,+348,73.02%,2022-09-22
BABA,80.71,Put,75,2022-12-16,85,5.4,5.48,5.55,5.45,568,7094,+348,54.65%,2022-09-22
ET,11.32,Put,12,2022-09-23,1,0.62,0.68,0.73,0.64,970,1730,+348,105.93%,2022-09-22
CLF,14.1,Call,15.5,2022-09-30,8,0.1,0.11,0.11,0.12,976,1826,+347,61.51%,2022-09-22
BAC,32.5,Call,35,2022-11-18,57,0.84,0.87,0.9,0.95,578,27295,+346,35.05%,2022-09-22
GOOGL,100.14,Put,96,2022-09-30,8,0.81,0.83,0.85,0.78,1250,600,+346,40.66%,2022-09-22
SAVA,51.06,Call,45,2022-09-30,8,9.15,9.4,9.65,9.3,1671,530,+345,203.94%,2022-09-22
TSLA,288.59,Call,333.33,2022-09-30,8,0.21,0.22,0.24,0.24,2376,4671,+345,50.40%,2022-09-22
META,142.82,Call,155,2022-10-14,22,2.41,2.45,2.48,2.55,659,1655,+343,46.86%,2022-09-22
SBUX,84.7,Put,90,2022-10-21,29,6.15,6.23,6.3,6.1,797,6009,+343,28.90%,2022-09-22
CCL,9.64,Call,12.5,2023-01-20,120,0.73,0.76,0.78,0.75,1670,22239,+343,72.10%,2022-09-22
NVDA,125.61,Call,145,2022-11-18,57,4.65,4.7,4.75,4.87,736,1646,+342,55.65%,2022-09-22
ABNB,103.72,Call,120,2022-10-21,29,1.38,1.42,1.47,1.43,549,3914,+341,52.31%,2022-09-22
UPS,167.86,Put,165,2023-01-20,120,11.1,11.27,11.45,10.8,663,2135,+341,33.49%,2022-09-22
SOFI,5.36,Put,5,2022-11-18,57,0.52,0.53,0.54,0.53,799,3194,+341,86.67%,2022-09-22
NVDA,125.61,Call,134,2022-10-21,29,4.6,4.63,4.65,4.95,1078,686,+341,55.31%,2022-09-22
META,142.82,Put,260,2024-01-19,484,117.3,117.6,117.9,118.67,1223,4975,+341,43.53%,2022-09-22
JNJ,166.18,Call,170,2022-09-23,1,0.02,0.06,0.09,0.1,1458,2010,+341,27.09%,2022-09-22
F,12.77,Call,17,2023-01-20,120,0.26,0.28,0.3,0.26,1781,73962,+341,45.83%,2022-09-22
OPEN,3.04,Put,3.5,2022-09-23,1,0.45,0.52,0.58,0.45,631,1876,+340,433.39%,2022-09-22
LLY,310.87,Put,295,2022-10-21,29,5.65,5.93,6.2,5.66,1162,1805,+340,35.37%,2022-09-22
COST,487.17,Put,480,2022-09-23,1,7.2,7.48,7.75,7.45,1771,1274,+339,105.60%,2022-09-22
DWAC,16.92,Call,18.5,2022-09-30,8,0.75,0.97,1.19,0.87,509,341,+338,146.57%,2022-09-22
BAC,32.5,Call,37,2023-01-20,120,0.87,0.9,0.93,0.97,732,55878,+337,31.89%,2022-09-22
PYPL,87.66,Put,89,2022-09-23,1,1.86,1.93,2,1.75,749,986,+337,61.83%,2022-09-22
NOK,4.44,Call,5,2023-01-20,120,0.17,0.18,0.19,0.19,873,188292,+337,36.99%,2022-09-22
PLUG,23.94,Call,27,2022-09-30,8,0.2,0.21,0.22,0.23,844,650,+336,75.98%,2022-09-22
TSLA,288.59,Put,230,2022-10-07,15,0.87,0.91,0.94,0.88,1515,1384,+336,70.74%,2022-09-22
AAL,12.71,Call,14.5,2022-10-07,15,0.09,0.1,0.11,0.1,1480,1680,+334,56.85%,2022-09-22
DVN,63.12,Call,70,2022-09-30,8,0.22,0.24,0.25,0.24,3355,4364,+334,53.61%,2022-09-22
AAPL,152.74,Put,150,2022-10-28,36,5.85,5.9,5.95,5.75,12951,5644,+333,38.58%,2022-09-22
AFL,58.67,Put,60,2022-11-18,57,3,3.1,3.2,2.85,531,2693,+333,25.50%,2022-09-22
TCOM,25.6,Put,24,2022-10-21,29,0.8,0.85,0.9,0.8,518,499,+332,53.09%,2022-09-22
PFE,44.57,Call,44,2022-09-23,1,0.67,0.73,0.78,0.84,895,441,+332,40.43%,2022-09-22
SQ,55.93,Put,56,2022-09-23,1,0.98,1.03,1.07,0.94,4777,629,+331,84.83%,2022-09-22
AAPL,152.74,Put,140,2022-10-07,15,0.96,0.98,0.99,0.97,2306,3320,+331,41.90%,2022-09-22
UPST,21.31,Put,21,2022-09-23,1,0.39,0.41,0.42,0.38,2543,1433,+331,123.76%,2022-09-22
NVDA,125.61,Put,115,2022-11-18,57,7,7.05,7.1,6.9,557,5305,+330,62.21%,2022-09-22
AMZN,117.31,Call,129,2022-10-21,29,1.51,1.53,1.54,1.67,564,469,+330,39.34%,2022-09-22
META,142.82,Put,144,2022-09-30,8,4.65,4.7,4.75,4.7,610,670,+330,48.64%,2022-09-22
MU,49.66,Call,51,2022-09-23,1,0.14,0.16,0.17,0.15,6369,982,+328,56.54%,2022-09-22
GOOGL,100.14,Call,103,2022-09-30,8,1.08,1.11,1.13,1.18,10116,1367,+328,37.25%,2022-09-22
AMD,69.5,Call,95,2023-01-20,120,1.7,1.73,1.76,1.76,654,9423,+328,50.24%,2022-09-22
GOEV,2.25,Call,5,2023-01-20,120,0.11,0.13,0.14,0.11,1029,10336,+328,112.02%,2022-09-22
PDD,63.46,Call,65,2022-09-23,1,0.23,0.27,0.3,0.34,676,671,+327,60.56%,2022-09-22
META,142.82,Call,160,2022-09-30,8,0.31,0.32,0.32,0.31,1594,3303,+327,50.08%,2022-09-22
GM,37.38,Call,45,2023-01-20,120,1.24,1.28,1.32,1.34,935,18603,+326,41.61%,2022-09-22
AAPL,152.74,Call,160,2023-01-20,120,8.95,9,9.05,9,1267,50489,+326,32.93%,2022-09-22
COST,487.17,Put,465,2022-09-23,1,3.35,3.55,3.75,3.55,1951,615,+326,114.31%,2022-09-22
RIOT,6.34,Put,6,2022-09-30,8,0.27,0.28,0.29,0.28,919,2006,+325,118.16%,2022-09-22
AAPL,152.74,Call,165,2022-10-14,22,1.07,1.09,1.11,1.12,1226,4676,+325,31.90%,2022-09-22
HOOD,9.65,Put,9.5,2022-09-23,1,0.12,0.13,0.14,0.13,4337,2380,+324,98.12%,2022-09-22
AMZN,117.31,Put,118,2022-09-23,1,1.5,1.54,1.57,1.57,11401,4045,+323,48.74%,2022-09-22
RIG,2.55,Put,2.5,2022-12-16,85,0.35,0.36,0.37,0.33,521,2295,+323,81.10%,2022-09-22
SOFI,5.36,Call,8,2022-11-18,57,0.13,0.14,0.14,0.13,3155,4438,+323,85.58%,2022-09-22
T,16.24,Call,18,2022-11-18,57,0.12,0.13,0.13,0.13,554,31770,+322,25.99%,2022-09-22
LEN,77.43,Put,78,2022-09-23,1,0.95,1.17,1.4,1.19,624,459,+322,53.99%,2022-09-22
TSLA,288.59,Call,311.67,2022-09-30,8,1.3,1.34,1.37,1.43,2267,1705,+322,45.94%,2022-09-22
AAPL,152.74,Put,125,2023-01-20,120,3.1,3.15,3.2,3.1,2577,29090,+322,40.01%,2022-09-22
AAPL,152.74,Call,155,2022-10-14,22,4.3,4.35,4.4,4.4,2849,5507,+322,35.77%,2022-09-22
TWTR,41.4,Call,45,2022-09-30,8,0.5,0.55,0.6,0.56,3944,7617,+321,71.21%,2022-09-22
NVDA,125.61,Call,160,2022-11-18,57,1.97,2,2.02,2.01,771,3128,+321,54.09%,2022-09-22
MSFT,240.98,Call,265,2022-11-18,57,4.1,4.18,4.25,4.74,635,6803,+320,31.57%,2022-09-22
AAPL,152.74,Put,165,2022-10-07,15,12.55,12.7,12.85,12.25,766,1522,+320,30.82%,2022-09-22
BABA,80.71,Call,83,2022-09-30,8,1.54,1.58,1.62,1.61,843,789,+320,53.39%,2022-09-22
XPEV,13.74,Put,13.5,2022-09-23,1,0.18,0.19,0.19,0.16,855,762,+320,101.85%,2022-09-22
PFE,44.57,Call,44.5,2022-09-23,1,0.34,0.37,0.4,0.46,2809,598,+319,35.98%,2022-09-22
DKNG,15.58,Put,15.5,2022-09-23,1,0.24,0.26,0.28,0.24,556,1067,+318,85.86%,2022-09-22
C,45.58,Call,60,2024-01-19,484,2.3,2.34,2.38,2.32,1003,49942,+317,31.68%,2022-09-22
META,142.82,Put,340,2023-03-17,176,196.95,197.2,197.45,196.35,2444,1708,+317,69.96%,2022-09-22
META,142.82,Call,155,2022-10-07,15,1.51,1.54,1.56,1.55,1589,2101,+316,46.88%,2022-09-22
META,142.82,Call,144,2022-09-23,1,1.08,1.11,1.13,1.11,14173,792,+316,54.40%,2022-09-22
OXY,61.88,Put,55,2022-09-30,8,0.15,0.16,0.18,0.17,631,925,+315,56.19%,2022-09-22
AFRM,20,Put,22,2022-09-23,1,1.98,2.03,2.08,2.02,1292,1691,+315,106.57%,2022-09-22
AAPL,152.74,Call,165,2022-10-28,36,2.41,2.45,2.49,2.45,583,1872,+314,34.34%,2022-09-22
SOFI,5.36,Call,7.5,2024-01-19,484,1.22,1.24,1.26,1.24,981,21442,+313,72.05%,2022-09-22
GOOGL,100.14,Put,102,2022-09-23,1,2.06,2.14,2.21,2.14,1410,2998,+313,44.26%,2022-09-22
AAPL,152.74,Call,165,2022-11-18,57,3.75,3.8,3.85,3.8,2476,21098,+313,33.65%,2022-09-22
MSFT,240.98,Call,250,2022-10-07,15,2.46,2.73,3,2.74,1048,732,+312,31.23%,2022-09-22
NFLX,237.05,Put,230,2022-09-30,8,4.5,4.6,4.7,4.61,1423,1042,+311,55.59%,2022-09-22
MU,49.66,Call,50,2022-09-30,8,1.84,1.87,1.89,1.91,1541,565,+311,68.80%,2022-09-22
TSLA,288.59,Put,280,2022-10-07,15,9.1,9.23,9.35,9.25,4131,5444,+311,57.47%,2022-09-22
SHOP,28.57,Put,30,2022-09-23,1,1.5,1.59,1.67,1.51,6148,3384,+310,82.43%,2022-09-22
MARA,10.52,Call,10,2022-10-21,29,1.67,1.71,1.75,1.62,515,999,+310,124.25%,2022-09-22
GOOGL,100.14,Call,110,2022-12-16,85,3.4,3.47,3.55,3.5,890,4017,+310,35.68%,2022-09-22
AMC,7.85,Call,11,2022-12-16,85,0.91,0.94,0.96,0.95,1334,4586,+310,121.67%,2022-09-22
DIS,102.16,Call,105,2022-09-23,1,0.1,0.11,0.12,0.12,1533,558,+310,42.34%,2022-09-22
MU,49.66,Put,35,2022-11-18,57,0.42,0.43,0.44,0.41,502,1176,+309,65.60%,2022-09-22
BAC,32.5,Call,36,2022-11-18,57,0.57,0.59,0.61,0.63,581,4307,+309,34.05%,2022-09-22
AMC,7.85,Call,10,2022-10-07,15,0.24,0.26,0.27,0.27,1323,1826,+308,139.00%,2022-09-22
NFLX,237.05,Put,237.5,2022-09-23,1,3.2,3.28,3.35,3.24,4021,1457,+308,60.89%,2022-09-22
APRN,4.31,Call,6,2022-10-21,29,0.4,0.43,0.45,0.44,702,4401,+307,190.05%,2022-09-22
TSLA,288.59,Call,335,2022-10-07,15,1.15,1.17,1.2,1.22,1007,3125,+307,51.88%,2022-09-22
AAPL,152.74,Put,162.5,2022-09-30,8,9.95,10.08,10.2,9.66,527,3420,+306,32.54%,2022-09-22
WFC,41.52,Put,35,2022-11-18,57,0.62,0.65,0.67,0.64,799,9903,+306,45.88%,2022-09-22
AMD,69.5,Call,120,2023-03-17,176,0.78,0.8,0.82,0.81,502,3064,+304,49.38%,2022-09-22
AMC,7.85,Call,9.5,2022-09-30,8,0.14,0.15,0.16,0.15,2670,2433,+304,132.84%,2022-09-22
MU,49.66,Call,50,2022-09-23,1,0.41,0.43,0.45,0.44,3338,582,+304,57.07%,2022-09-22
TSLA,288.59,Put,276.67,2022-09-23,1,0.32,0.35,0.38,0.36,5739,3715,+303,59.71%,2022-09-22
ROKU,60.89,Call,72,2022-09-30,8,0.32,0.33,0.35,0.34,623,594,+303,83.94%,2022-09-22
SHOP,28.57,Put,28,2022-09-30,8,1.03,1.06,1.08,1.03,828,933,+303,77.92%,2022-09-22
CSCO,41.15,Put,42.5,2022-12-16,85,3.1,3.18,3.25,3.1,1077,4470,+303,28.93%,2022-09-22
AMC,7.85,Call,9,2022-12-16,85,1.29,1.33,1.36,1.31,1813,1102,+303,113.22%,2022-09-22
GOOGL,100.14,Call,100,2022-11-18,57,6.4,6.48,6.55,6.5,905,850,+302,39.58%,2022-09-22
TSLA,288.59,Put,290,2022-10-14,22,15.75,16.1,16.45,16,1653,2233,+302,54.67%,2022-09-22
AMZN,117.31,Put,119,2022-09-30,8,3.8,3.85,3.9,3.72,1712,2684,+301,42.43%,2022-09-22
TSLA,288.59,Put,250,2022-10-21,29,6.1,6.18,6.25,6.2,4334,29850,+301,66.03%,2022-09-22
TSLA,288.59,Put,303.33,2022-10-21,29,26.15,26.35,26.55,25.65,1457,1672,+300,55.23%,2022-09-22
T,16.24,Put,16.5,2022-10-07,15,0.61,0.64,0.66,0.66,1494,1714,+300,38.06%,2022-09-22
WMT,133.39,Put,131,2022-09-23,1,0.23,0.25,0.27,0.25,3078,811,+300,37.49%,2022-09-22
FREY,15.37,Call,19,2022-10-21,29,0.35,0.4,0.45,0.4,557,301,+299,82.94%,2022-09-22
GOOGL,100.14,Put,101,2022-09-23,1,1.39,1.42,1.44,1.43,4564,4591,+299,44.85%,2022-09-22
RIOT,6.34,Put,6.5,2022-09-23,1,0.27,0.29,0.31,0.3,905,3296,+298,157.18%,2022-09-22
"Downloaded from Barchart.com as of 09-22-2022 07:30pm CDT"
